date,latitude,longtitude,id,timelag,speed,stop,acceleration,flag,flagChange,indicator
2008-04-28 11:27:04,39.975496,116.333695,0,0,0.0,1,0.0,-1,0,True
2008-04-28 11:27:06,39.975457,116.33375,1,2,3.2057673534687785,0,1.6028836767343893,1,1,True
2008-04-28 11:27:07,39.975394,116.333741,2,1,3.2649048531327773,0,0.05913749966399884,1,0,True
2008-04-28 11:27:08,39.975334,116.333745,3,1,2.992977811229687,0,-0.27192704190309014,-1,1,False
2008-04-28 11:27:10,39.975359,116.333651,4,2,5.262731534737197,0,1.134876861753755,1,1,True
2008-04-28 11:27:12,39.975317,116.333745,5,2,5.328155181776563,0,0.03271182351968305,1,0,True
2008-04-28 11:27:14,39.975368,116.333714,6,2,2.1338174970253188,0,-1.5971688423756223,-1,1,True
2008-04-28 11:27:16,39.975394,116.333718,7,2,0.6787479982036176,0,-0.7275347494108506,-1,0,True
2008-04-28 11:27:18,39.975432,116.333735,8,2,1.3311161901924307,0,0.3261840959944065,1,1,False
2008-04-28 11:27:20,39.975422,116.333749,9,2,0.8165535893854506,0,-0.25728130040349,-1,1,False
2008-04-28 11:27:22,39.975414,116.333778,10,2,1.6244540138788146,0,0.403950212246682,1,1,True
2008-04-28 11:27:24,39.975396,116.333809,11,2,1.7798860608662637,0,0.07771602349372453,1,0,True
2008-04-28 11:27:26,39.975382,116.333833,12,2,1.378374164602561,0,-0.20075594813185138,-1,1,True
2008-04-28 11:27:28,39.97537,116.33385,13,2,0.9904710702541378,0,-0.19395154717421154,-1,0,True
2008-04-28 11:27:30,39.975369,116.333876,14,2,1.4458335844575758,0,0.227681257101719,1,1,False
2008-04-28 11:27:32,39.97538,116.333901,15,2,1.4162526630598222,0,-0.014790460698876795,-1,1,True
2008-04-28 11:27:34,39.975379,116.33392,16,2,1.0567048357088844,0,-0.1797739136754689,-1,0,True
2008-04-28 11:27:36,39.975384,116.333938,17,2,1.0083855500108518,0,-0.024159642849016283,-1,0,True
2008-04-28 11:27:38,39.975408,116.33394,18,2,0.6023065597900777,1,-0.20303949511038705,-1,0,True
2008-04-28 11:27:40,39.975421,116.333942,19,2,0.33937640250773127,1,-0.13146507864117324,-1,0,True
2008-04-28 11:27:42,39.97543,116.333947,20,2,0.35575628242969104,1,0.008189939960979886,1,1,False
2008-04-28 11:27:44,39.975438,116.333951,21,2,0.29731721299296127,1,-0.029219534718364887,-1,1,False
2008-04-28 11:27:46,39.975447,116.333955,22,2,0.3142283089828196,1,0.008455547994929175,1,1,True
2008-04-28 11:27:48,39.975455,116.333962,23,2,0.4363664788967548,0,0.061069084956967584,1,0,True
2008-04-28 11:27:50,39.975464,116.333969,24,2,0.44805984676498467,1,0.0058466839341149435,1,0,True
2008-04-28 11:27:52,39.975473,116.333974,25,2,0.3557564151119333,1,-0.04615171582652569,-1,1,False
2008-04-28 11:27:54,39.975486,116.333981,26,2,0.5042740032061733,0,0.07425879404712002,1,1,True
2008-04-28 11:27:56,39.975499,116.333989,27,2,0.5483285634277342,0,0.022027280110780423,1,0,True
2008-04-28 11:27:58,39.975513,116.333995,28,2,0.48013416086498845,0,-0.03409720128137286,-1,1,False
2008-04-28 11:28:00,39.975609,116.334004,29,2,2.420113591514029,0,0.9699897153245203,1,1,True
2008-04-28 11:28:02,39.975724,116.334025,30,2,3.0673691571204156,0,0.32362778280319326,1,0,True
2008-04-28 11:28:04,39.97585,116.334066,31,2,3.854207851294036,0,0.39341934708681014,1,0,True
2008-04-28 11:28:06,39.976138,116.334076,32,2,7.125185946299348,0,1.6354890475026562,1,0,True
2008-04-28 11:28:07,39.976288,116.33409,33,1,7.561442273650573,0,0.43625632735122455,1,0,True
2008-04-28 11:28:08,39.976522,116.334134,34,1,12.537315595350465,0,4.9758733216998925,1,0,True
2008-04-28 11:28:10,39.976881,116.334225,35,2,10.198331106051059,0,-1.1694922446497031,-1,1,True
2008-04-28 11:28:11,39.976985,116.334247,36,1,5.683757739494602,0,-4.514573366556457,-1,0,True
2008-04-28 11:28:12,39.977103,116.334258,37,1,5.948063540653048,0,0.2643058011584456,1,1,True
2008-04-28 11:28:15,39.978243,116.333814,38,3,24.944827129434998,0,6.332254529593983,1,0,True
2008-04-28 11:28:16,39.978447,116.333802,39,1,10.151230002229635,0,-14.793597127205363,-1,1,True
2008-04-28 11:28:17,39.978623,116.333793,40,1,8.739416232867585,0,-1.41181376936205,-1,0,True
2008-04-28 11:28:18,39.978816,116.333773,41,1,9.776833505954007,0,1.0374172730864224,1,1,False
2008-04-28 11:28:19,39.979004,116.333753,42,1,9.536813188394214,0,-0.24002031755979303,-1,1,True
2008-04-28 11:28:20,39.979175,116.33372,43,1,9.198911544924908,0,-0.33790164346930673,-1,0,True
2008-04-28 11:28:21,39.979343,116.333669,44,1,10.042021645689974,0,0.8431101007650668,1,1,True
2008-04-28 11:28:22,39.979514,116.333597,45,1,11.630028190737876,0,1.588006545047902,1,0,True
2008-04-28 11:28:23,39.979684,116.333501,46,1,13.575213685883552,0,1.945185495145676,1,0,True
2008-04-28 11:28:24,39.979849,116.33345,47,1,9.92019487993848,0,-3.6550188059450726,-1,1,True
2008-04-28 11:28:25,39.980016,116.333403,48,1,9.755938620105233,0,-0.16425625983324643,-1,0,True
2008-04-28 11:28:26,39.980176,116.333343,49,1,10.334852036723953,0,0.57891341661872,1,1,False
2008-04-28 11:28:27,39.980342,116.333297,50,1,9.654922280459061,0,-0.679929756264892,-1,1,False
2008-04-28 11:28:28,39.980506,116.333247,51,1,9.816303804394307,0,0.16138152393524585,1,1,False
2008-04-28 11:28:29,39.980665,116.333198,52,1,9.550165276524853,0,-0.2661385278694546,-1,1,False
2008-04-28 11:28:30,39.98082,116.333145,53,1,9.653731483062561,0,0.10356620653770854,1,1,True
2008-04-28 11:28:31,39.980981,116.333089,54,1,10.092143720600161,0,0.43841223753759984,1,0,True
2008-04-28 11:28:32,39.98115,116.333044,55,1,9.722984890770807,0,-0.3691588298293542,-1,1,True
2008-04-28 11:28:33,39.981316,116.333002,56,1,9.42673566125316,0,-0.2962492295176471,-1,0,True
2008-04-28 11:28:34,39.981487,116.332957,57,1,9.807680572419727,0,0.3809449111665675,1,1,False
2008-04-28 11:28:35,39.981654,116.33292,58,1,9.208077974696922,0,-0.5996025977228054,-1,1,True
2008-04-28 11:28:36,39.981818,116.332886,59,1,8.929637879115143,0,-0.27844009558177873,-1,0,True
2008-04-28 11:28:37,39.981983,116.332852,60,1,8.97434113538331,0,0.044703256268167735,1,1,True
2008-04-28 11:28:38,39.982152,116.332814,61,1,9.346161758048224,0,0.371820622664913,1,0,True
2008-04-28 11:28:39,39.982326,116.332772,62,1,9.771413833082383,0,0.42525207503415885,1,0,True
2008-04-28 11:28:40,39.982492,116.332739,63,1,8.97302292981367,0,-0.7983909032687126,-1,1,False
2008-04-28 11:28:41,39.982663,116.332703,64,1,9.336734230609443,0,0.36371130079577263,1,1,False
2008-04-28 11:28:42,39.982832,116.33267,65,1,9.108246238602586,0,-0.22848799200685654,-1,1,True
2008-04-28 11:28:43,39.982996,116.332635,66,1,8.977222244741146,0,-0.13102399386144015,-1,0,True
2008-04-28 11:28:44,39.983165,116.332595,67,1,9.448742862394978,0,0.471520617653832,1,1,True
2008-04-28 11:28:45,39.983336,116.332552,68,1,9.69598750385599,0,0.24724464146101255,1,0,True
2008-04-28 11:28:46,39.983508,116.332508,69,1,9.793995667063639,0,0.09800816320764838,1,0,True
2008-04-28 11:28:47,39.983672,116.332461,70,1,9.631081309359432,0,-0.16291435770420648,-1,1,True
2008-04-28 11:28:48,39.983836,116.332422,71,1,9.178770781389817,0,-0.45231052796961535,-1,0,True
2008-04-28 11:28:49,39.984003,116.332384,72,1,9.258162610442843,0,0.07939182905302644,1,1,False
2008-04-28 11:28:50,39.984168,116.332345,73,1,9.22225418320014,0,-0.0359084272427026,-1,1,True
2008-04-28 11:28:51,39.984334,116.332307,74,1,9.21428139238031,0,-0.007972790819831488,-1,0,True
2008-04-28 11:28:52,39.984499,116.332264,75,1,9.439576136496656,0,0.2252947441163471,1,1,False
2008-04-28 11:28:53,39.984657,116.332227,76,1,8.812978158277756,0,-0.6265979782189,-1,1,True
2008-04-28 11:28:54,39.984812,116.332194,77,1,8.480644455550333,0,-0.33233370272742313,-1,0,True
2008-04-28 11:28:55,39.984976,116.332171,78,1,8.484204595629873,0,0.003560140079539309,1,1,True
2008-04-28 11:28:56,39.985142,116.33214,79,1,8.884226256680137,0,0.40002166105026404,1,0,True
2008-04-28 11:28:57,39.985299,116.332115,80,1,8.22809077731961,0,-0.6561354793605272,-1,1,False
2008-04-28 11:28:58,39.985466,116.332083,81,1,8.97320837784157,0,0.7451176005219597,1,1,True
2008-04-28 11:28:59,39.985641,116.332053,82,1,9.254286454433219,0,0.2810780765916494,1,0,True
2008-04-28 11:29:00,39.985808,116.332029,83,1,8.659000874280196,0,-0.595285580153023,-1,1,False
2008-04-28 11:29:01,39.985974,116.332,84,1,8.80027891937089,0,0.14127804509069364,1,1,True
2008-04-28 11:29:02,39.986148,116.331967,85,1,9.334312121916604,0,0.5340332025457144,1,0,True
2008-04-28 11:29:03,39.986318,116.33194,86,1,8.90671980021604,0,-0.4275923217005637,-1,1,True
2008-04-28 11:29:04,39.986488,116.331917,87,1,8.766776275526231,0,-0.13994352468980864,-1,0,True
2008-04-28 11:29:05,39.986661,116.3319,88,1,8.740255160914966,0,-0.026521114611265162,-1,0,True
2008-04-28 11:29:06,39.986832,116.331874,89,1,8.916479263540754,0,0.17622410262578825,1,1,False
2008-04-28 11:29:07,39.987003,116.331857,90,1,8.643952555508237,0,-0.2725267080325171,-1,1,False
2008-04-28 11:29:08,39.987179,116.33184,91,1,8.884769551571935,0,0.24081699606369789,1,1,False
2008-04-28 11:29:09,39.987347,116.331835,92,1,8.305348228125263,0,-0.5794213234466721,-1,1,True
2008-04-28 11:29:10,39.987514,116.331834,93,1,8.238140067570274,0,-0.0672081605549888,-1,0,True
2008-04-28 11:29:11,39.987675,116.33183,94,1,7.953881971636243,0,-0.28425809593403084,-1,0,True
2008-04-28 11:29:12,39.987835,116.331825,95,1,7.911669282634883,0,-0.042212689001360104,-1,0,True
2008-04-28 11:29:13,39.987999,116.33182,96,1,8.108494581398885,0,0.19682529876400157,1,1,True
2008-04-28 11:29:14,39.988169,116.331817,97,1,8.391995331555057,0,0.28350075015617193,1,0,True
2008-04-28 11:29:15,39.988328,116.33182,98,1,7.849871615218595,0,-0.5421237163364623,-1,1,True
2008-04-28 11:29:16,39.988485,116.331813,99,1,7.783151058875645,0,-0.0667205563429496,-1,0,True
2008-04-28 11:29:17,39.988647,116.331814,100,1,7.991528885414733,0,0.20837782653908832,1,1,False
2008-04-28 11:29:18,39.988803,116.331817,101,1,7.70203008638177,0,-0.2894987990329634,-1,1,True
2008-04-28 11:29:19,39.988953,116.331814,102,1,7.406365014083465,0,-0.29566507229830474,-1,0,True
2008-04-28 11:29:20,39.9891,116.331819,103,1,7.272157793837167,0,-0.1342072202462985,-1,0,True
2008-04-28 11:29:21,39.989246,116.331817,104,1,7.204979319442549,0,-0.06717847439461799,-1,0,True
2008-04-28 11:29:22,39.98939,116.331815,105,1,7.106375166651798,0,-0.09860415279075063,-1,0,True
2008-04-28 11:29:23,39.989529,116.331814,106,1,6.857167206763946,0,-0.24920795988785205,-1,0,True
2008-04-28 11:29:24,39.989658,116.331804,107,1,6.459446653688901,0,-0.39772055307504495,-1,0,True
2008-04-28 11:29:25,39.989791,116.3318,108,1,6.5753709655702135,0,0.11592431188131247,1,1,False
2008-04-28 11:29:26,39.98991,116.331798,109,1,5.873961149798069,0,-0.7014098157721449,-1,1,True
2008-04-28 11:29:27,39.990021,116.3318,110,1,5.479659476871439,0,-0.39430167292662954,-1,0,True
2008-04-28 11:29:28,39.990125,116.331826,111,1,5.888535080608333,0,0.40887560373689436,1,1,False
2008-04-28 11:29:29,39.99023,116.331823,112,1,5.189928241200414,0,-0.698606839407919,-1,1,True
2008-04-28 11:29:30,39.990331,116.331817,113,1,5.026371962524321,0,-0.16355627867609357,-1,0,True
2008-04-28 11:29:32,39.990516,116.331854,114,2,5.004973969792815,0,-0.01069899636575311,-1,0,True
2008-04-28 11:29:33,39.990615,116.331852,115,1,4.888308042008852,0,-0.11666592778396279,-1,0,True
2008-04-28 11:29:34,39.990711,116.331855,116,1,4.747005900723134,0,-0.14130214128571783,-1,0,True
2008-04-28 11:29:36,39.99089,116.331855,117,2,4.414652060619774,0,-0.16617692005167983,-1,0,True
2008-04-28 11:29:38,39.99105,116.331915,118,2,5.167267890549314,0,0.3763079149647699,1,1,False
2008-04-28 11:29:40,39.991196,116.331942,119,2,3.901197341933029,0,-0.6330352743081427,-1,1,True
2008-04-28 11:29:42,39.991336,116.331934,120,2,3.481343767853136,0,-0.20992678703994638,-1,0,True
2008-04-28 11:29:44,39.991451,116.331946,121,2,2.913659753637255,0,-0.2838420071079406,-1,0,True
2008-04-28 11:29:46,39.991553,116.331932,122,2,2.6332994827047718,0,-0.14018013546624153,-1,0,True
2008-04-28 11:29:48,39.991605,116.331937,123,2,1.3122582863808872,1,-0.6605205981619423,-1,0,True
2008-04-28 11:29:50,39.991598,116.331937,124,2,0.1726405238013433,1,-0.5698088812897719,-1,0,True
2008-04-28 11:29:52,39.99159,116.331935,125,2,0.22648286458028694,1,0.026921170389471824,1,1,True
2008-04-28 11:29:54,39.991596,116.331945,126,2,0.5753636165646993,1,0.17444037599220616,1,0,True
2008-04-28 11:29:56,39.991601,116.33195,127,2,0.30412661234007365,1,-0.1356185021123128,-1,1,False
2008-04-28 11:29:58,39.991668,116.331992,128,2,2.8607377807712795,0,1.278305584215603,1,1,False
2008-04-28 11:30:00,39.99172,116.332005,129,2,1.4721410788135192,0,-0.6942983509788802,-1,1,False
2008-04-28 11:30:02,39.991764,116.331981,130,2,1.7199642194646927,0,0.12391157032558675,1,1,True
2008-04-28 11:30:04,39.991793,116.331948,131,2,1.9693011162330767,0,0.124668448384192,1,0,True
2008-04-28 11:30:06,39.991843,116.33193,132,2,1.5881698669193451,0,-0.19056562465686577,-1,1,False
2008-04-28 11:30:08,39.99188,116.331905,133,2,1.6627895470211562,0,0.03730984005090554,1,1,False
2008-04-28 11:30:10,39.991907,116.331886,134,2,1.2487742654964797,0,-0.20700764076233824,-1,1,False
2008-04-28 11:30:12,39.991935,116.331866,135,2,1.3089910729626897,0,0.03010840373310497,1,1,False
2008-04-28 11:30:14,39.991951,116.33185,136,2,0.9732046543247328,1,-0.16789320931897844,-1,1,True
2008-04-28 11:30:16,39.991963,116.331846,137,2,0.37020570978693684,1,-0.30149947226889795,-1,0,True
2008-04-28 11:30:18,39.991967,116.331839,138,2,0.401514133630802,0,0.015654211921932587,1,1,True
2008-04-28 11:30:20,39.991972,116.331849,139,2,0.5695193816676539,1,0.08400262401842595,1,0,True
2008-04-28 11:30:22,39.991966,116.331851,140,2,0.18510286238701798,1,-0.19220825964031796,-1,1,False
2008-04-28 11:30:24,39.99194,116.331863,141,2,0.9253927314265707,0,0.37014493451977637,1,1,True
2008-04-28 11:30:26,39.991906,116.331844,142,2,1.3487629263985619,0,0.21168509748599557,1,0,True
2008-04-28 11:30:28,39.991888,116.331801,143,2,2.431703673294697,0,0.5414703734480676,1,0,True
2008-04-28 11:30:30,39.991859,116.331761,144,2,2.33620973001061,0,-0.047746971642043556,-1,1,True
2008-04-28 11:30:32,39.991834,116.331738,145,2,1.4196969801746693,0,-0.45825637491797033,-1,0,True
2008-04-28 11:30:34,39.991855,116.331718,146,2,1.2267120592302767,0,-0.09649246047219628,-1,0,True
2008-04-28 11:30:36,39.991859,116.331678,147,2,2.2262225171422596,0,0.49975522895599145,1,1,True
2008-04-28 11:30:38,39.991862,116.33163,148,2,2.6698681976015313,0,0.22182284022963583,1,0,True
2008-04-28 11:30:40,39.991942,116.331602,149,2,2.513261077007876,0,-0.07830356029682761,-1,1,False
2008-04-28 11:30:42,39.992052,116.331601,150,2,2.713460133998538,0,0.10009952849533099,1,1,True
2008-04-28 11:30:44,39.992224,116.33161,151,2,4.271388258321318,0,0.77896406216139,1,0,True
2008-04-28 11:30:45,39.992419,116.331604,152,1,9.641545283905781,0,5.370157025584463,1,0,True
2008-04-28 11:30:46,39.992588,116.33162,153,1,8.523739865600673,0,-1.1178054183051085,-1,1,False
2008-04-28 11:30:47,39.992815,116.331614,154,1,11.21670642073834,0,2.6929665551376676,1,1,True
2008-04-28 11:30:48,39.993048,116.33162,155,1,11.512147676739104,0,0.295441256000764,1,0,True
2008-04-28 11:30:49,39.993264,116.331698,156,1,13.73853992596596,0,2.226392249226855,1,0,True
2008-04-28 11:30:50,39.993471,116.331717,157,1,10.426684385832548,0,-3.3118555401334113,-1,1,False
2008-04-28 11:30:51,39.993717,116.331835,158,1,17.87227292097744,0,7.445588535144893,1,1,False
2008-04-28 11:30:52,39.993882,116.331905,159,1,11.261963612194405,0,-6.610309308783036,-1,1,True
2008-04-28 11:30:53,39.994046,116.331904,160,1,8.090196706105209,0,-3.1717669060891964,-1,0,True
2008-04-28 11:30:54,39.994203,116.331908,161,1,7.756916034626994,0,-0.3332806714782146,-1,0,True
2008-04-28 11:30:55,39.994368,116.331871,162,1,9.119657116663552,0,1.3627410820365577,1,1,True
2008-04-28 11:30:56,39.994564,116.331855,163,1,9.830201624024992,0,0.7105445073614405,1,0,True
2008-04-28 11:30:57,39.994723,116.331839,164,1,8.042074961766106,0,-1.788126662258886,-1,1,False
2008-04-28 11:30:58,39.994887,116.331826,165,1,8.21756721955863,0,0.17549225779252353,1,1,True
2008-04-28 11:30:59,39.99507,116.331801,166,1,9.44500098137481,0,1.2274337618161795,1,0,True
2008-04-28 11:31:00,39.995234,116.331789,167,1,8.198725023627285,0,-1.2462759577475246,-1,1,False
2008-04-28 11:31:01,39.995417,116.331787,168,1,9.029325133742043,0,0.8306001101147586,1,1,True
2008-04-28 11:31:02,39.995604,116.331754,169,1,9.927054088049653,0,0.8977289543076097,1,0,True
2008-04-28 11:31:03,39.995782,116.331743,170,1,8.8647452249791,0,-1.0623088630705535,-1,1,False
2008-04-28 11:31:04,39.995974,116.331737,171,1,9.493973989123312,0,0.6292287641442122,1,1,False
2008-04-28 11:31:05,39.996153,116.331726,172,1,8.913596270934246,0,-0.5803777181890659,-1,1,True
2008-04-28 11:31:06,39.996329,116.331711,173,1,8.84008062448223,0,-0.07351564645201591,-1,0,True
2008-04-28 11:31:07,39.996498,116.331699,174,1,8.442133816775474,0,-0.39794680770675583,-1,0,True
2008-04-28 11:31:08,39.996665,116.331688,175,1,8.327675389585215,0,-0.11445842719025912,-1,0,True
2008-04-28 11:31:09,39.996839,116.331675,176,1,8.70351905835803,0,0.3758436687728146,1,1,False
2008-04-28 11:31:10,39.997007,116.331666,177,1,8.346884881735178,0,-0.35663417662285113,-1,1,False
2008-04-28 11:31:11,39.997186,116.331654,178,1,8.929513961694958,0,0.58262907995978,1,1,True
2008-04-28 11:31:12,39.997369,116.331636,179,1,9.245807609435145,0,0.31629364774018676,1,0,True
2008-04-28 11:31:13,39.99755,116.331618,180,1,9.149515827832841,0,-0.09629178160230367,-1,1,True
2008-04-28 11:31:14,39.997716,116.331606,181,1,8.296024202657986,0,-0.8534916251748559,-1,0,True
2008-04-28 11:31:15,39.997886,116.331592,182,1,8.528593587266329,0,0.2325693846083432,1,1,True
2008-04-28 11:31:16,39.998057,116.331571,183,1,8.751919670771608,0,0.22332608350527927,1,0,True
2008-04-28 11:31:17,39.998226,116.331553,184,1,8.572909257284005,0,-0.17901041348760316,-1,1,False
2008-04-28 11:31:18,39.998397,116.331539,185,1,8.577079327093157,0,0.004170069809152466,1,1,False
2008-04-28 11:31:19,39.998567,116.331531,186,1,8.432336611607022,0,-0.14474271548613515,-1,1,False
2008-04-28 11:31:20,39.998739,116.331534,187,1,8.490484072325883,0,0.058147460718860344,1,1,False
2008-04-28 11:31:21,39.998911,116.331534,188,1,8.483928032484567,0,-0.006556039841315808,-1,1,False
2008-04-28 11:31:22,39.999085,116.331528,189,1,8.608472908947732,0,0.12454487646316537,1,1,False
2008-04-28 11:31:23,39.999249,116.331515,190,1,8.21747988402094,0,-0.3909930249267912,-1,1,False
2008-04-28 11:31:24,39.999423,116.331499,191,1,8.765053634856,0,0.5475737508350598,1,1,False
2008-04-28 11:31:25,39.999588,116.331478,192,1,8.467040571895927,0,-0.2980130629600737,-1,1,True
2008-04-28 11:31:26,39.999749,116.331456,193,1,8.309622523884235,0,-0.15741804801169224,-1,0,True
2008-04-28 11:31:27,39.999912,116.331435,194,1,8.372249142004003,0,0.06262661811976855,1,1,True
2008-04-28 11:31:28,40.000078,116.331417,195,1,8.429056214718528,0,0.05680707271452512,1,0,True
2008-04-28 11:31:29,40.000238,116.331404,196,1,8.023301033850485,0,-0.4057551808680433,-1,1,False
2008-04-28 11:31:30,40.000409,116.331385,197,1,8.695164901978986,0,0.6718638681285007,1,1,False
2008-04-28 11:31:31,40.000569,116.331375,198,1,7.969942457126695,0,-0.7252224448522906,-1,1,False
2008-04-28 11:31:32,40.000725,116.331353,199,1,8.074227791371397,0,0.1042853342447021,1,1,True
2008-04-28 11:31:33,40.000892,116.331336,200,1,8.45138851081314,0,0.37716071944174345,1,0,True
2008-04-28 11:31:34,40.001055,116.331324,201,1,8.149931017708365,0,-0.30145749310477576,-1,1,True
2008-04-28 11:31:35,40.001217,116.331315,202,1,8.053047632258584,0,-0.09688338544978059,-1,0,True
2008-04-28 11:31:36,40.001379,116.331308,203,1,8.028439036746994,0,-0.02460859551159089,-1,0,True
2008-04-28 11:31:37,40.001549,116.331306,204,1,8.388159502059246,0,0.3597204653122521,1,1,True
2008-04-28 11:31:38,40.00172,116.331301,205,1,8.452840641635179,0,0.06468113957593324,1,0,True
2008-04-28 11:31:39,40.001894,116.331295,206,1,8.608402599484753,0,0.15556195784957438,1,0,True
2008-04-28 11:31:40,40.002067,116.331283,207,1,8.636887885003949,0,0.028485285519195713,1,0,True
2008-04-28 11:31:41,40.002233,116.331277,208,1,8.215043354957627,0,-0.4218445300463216,-1,1,False
2008-04-28 11:31:42,40.002404,116.33127,209,1,8.470368614227157,0,0.2553252592695294,1,1,False
2008-04-28 11:31:43,40.002572,116.331268,210,1,8.289533959149233,0,-0.1808346550779234,-1,1,False
2008-04-28 11:31:44,40.002743,116.331272,211,1,8.44624498169658,0,0.1567110225473467,1,1,True
2008-04-28 11:31:45,40.002915,116.33128,212,1,8.53036568181959,0,0.08412070012301065,1,0,True
2008-04-28 11:31:46,40.003085,116.331282,213,1,8.388151816329835,0,-0.14221386548975623,-1,1,False
2008-04-28 11:31:47,40.003261,116.331287,214,1,8.698939659392336,0,0.31078784306250107,1,1,False
2008-04-28 11:31:48,40.003434,116.331293,215,1,8.559224678604458,0,-0.13971498078787725,-1,1,False
2008-04-28 11:31:49,40.00361,116.331297,216,1,8.692543614055063,0,0.13331893545060503,1,1,False
2008-04-28 11:31:50,40.003774,116.331298,217,1,8.090023562689057,0,-0.6025200513660067,-1,1,False
2008-04-28 11:31:51,40.003939,116.331302,218,1,8.150730937392341,0,0.060707374703284245,1,1,False
2008-04-28 11:31:52,40.004104,116.331301,219,1,8.13934483027765,0,-0.011386107114690347,-1,1,True
2008-04-28 11:31:53,40.004269,116.3313,220,1,8.139344543997616,0,-2.8628003434505445e-07,-1,0,True
2008-04-28 11:31:54,40.004434,116.3313,221,1,8.138584731245846,0,-0.0007598127517702835,-1,0,True
2008-04-28 11:31:55,40.004598,116.331303,222,1,8.09613651076387,0,-0.04244822048197605,-1,0,True
2008-04-28 11:31:56,40.004761,116.331304,223,1,8.040705200895985,0,-0.05543130986788469,-1,0,True
2008-04-28 11:31:57,40.004927,116.331302,224,1,8.190930307765147,0,0.15022510686916135,1,1,False
2008-04-28 11:31:58,40.005089,116.331298,225,1,8.002981254471184,0,-0.18794905329396272,-1,1,False
2008-04-28 11:31:59,40.005254,116.331294,226,1,8.150729791056746,0,0.14774853658556175,1,1,True
2008-04-28 11:32:00,40.005421,116.33129,227,1,8.249232878276333,0,0.09850308721958712,1,0,True
2008-04-28 11:32:01,40.005587,116.331278,228,1,8.29593072568981,0,0.046697847413478044,1,0,True
2008-04-28 11:32:02,40.005753,116.331265,229,1,8.314538676961359,0,0.018607951271548018,1,0,True
2008-04-28 11:32:03,40.005909,116.331236,230,1,8.343097996223914,0,0.028559319262555505,1,0,True
2008-04-28 11:32:04,40.006054,116.331194,231,1,8.541979580542895,0,0.19888158431898084,1,0,True
2008-04-28 11:32:05,40.006215,116.33116,232,1,8.795361212901298,0,0.25338163235840305,1,0,True
2008-04-28 11:32:06,40.006381,116.331117,233,1,9.48185267921306,0,0.6864914663117627,1,0,True
2008-04-28 11:32:07,40.006527,116.331059,234,1,9.667381666618942,0,0.1855289874058812,1,0,True
2008-04-28 11:32:08,40.00667,116.330995,235,1,10.020006314541325,0,0.3526246479223829,1,0,True
2008-04-28 11:32:09,40.006825,116.33094,236,1,9.790631535209362,0,-0.2293747793319625,-1,1,False
2008-04-28 11:32:10,40.006982,116.330881,237,1,10.149539891815435,0,0.35890835660607223,1,1,True
2008-04-28 11:32:11,40.007136,116.330819,238,1,10.258257635426304,0,0.10871774361086928,1,0,True
2008-04-28 11:32:12,40.00728,116.330746,239,1,10.786332612608607,0,0.5280749771823032,1,0,True
2008-04-28 11:32:13,40.007426,116.330665,240,1,11.532148508773648,0,0.7458158961650412,1,0,True
2008-04-28 11:32:14,40.007567,116.330581,241,1,11.645606322056134,0,0.11345781328248528,1,0,True
2008-04-28 11:32:15,40.007707,116.330497,242,1,11.616206046925553,0,-0.02940027513058041,-1,1,False
2008-04-28 11:32:16,40.007855,116.330414,243,1,11.76758292194725,0,0.15137687502169683,1,1,True
2008-04-28 11:32:17,40.008005,116.330325,244,1,12.356664602345012,0,0.5890816803977614,1,0,True
2008-04-28 11:32:18,40.008154,116.33023,245,1,12.869005192368869,0,0.5123405900238573,1,0,True
2008-04-28 11:32:19,40.008295,116.330131,246,1,13.021630422593839,0,0.1526252302249702,1,0,True
2008-04-28 11:32:20,40.008432,116.330027,247,1,13.394351423925617,0,0.37272100133177766,1,0,True
2008-04-28 11:32:21,40.008578,116.329917,248,1,14.194440318518149,0,0.8000888945925322,1,0,True
2008-04-28 11:32:22,40.008721,116.329802,249,1,14.60425121699796,0,0.40981089847981167,1,0,True
2008-04-28 11:32:23,40.008867,116.329689,250,1,14.482888258720136,0,-0.12136295827782462,-1,1,False
2008-04-28 11:32:24,40.009007,116.329561,251,1,15.820293741882281,0,1.3374054831621454,1,1,True
2008-04-28 11:32:25,40.009143,116.32943,252,1,16.03757772114229,0,0.21728397926001008,1,0,True
2008-04-28 11:32:26,40.009276,116.32929,253,1,16.893804715346345,0,0.8562269942040537,1,0,True
2008-04-28 11:32:27,40.009402,116.329136,254,1,18.217785815599136,0,1.3239811002527908,1,0,True
2008-04-28 11:32:28,40.00953,116.328984,255,1,18.043146764007286,0,-0.1746390515918499,-1,1,True
2008-04-28 11:32:29,40.009657,116.328833,256,1,17.921706886452032,0,-0.12143987755525387,-1,0,True
2008-04-28 11:32:30,40.009777,116.328676,257,1,18.434571716651465,0,0.5128648301994332,1,1,False
2008-04-28 11:32:31,40.009898,116.32852,258,1,18.345265483901425,0,-0.08930623275004024,-1,1,True
2008-04-28 11:32:32,40.010026,116.328368,259,1,18.043098772662116,0,-0.30216671123930894,-1,0,True
2008-04-28 11:32:33,40.010154,116.328214,260,1,18.251599254357767,0,0.20850048169565127,1,1,True
2008-04-28 11:32:34,40.010285,116.328058,261,1,18.511543002339863,0,0.25994374798209563,1,0,True
2008-04-28 11:32:35,40.010417,116.327904,262,1,18.32074399119585,0,-0.1907990111440121,-1,1,False
2008-04-28 11:32:36,40.010541,116.327746,263,1,18.60377207866683,0,0.28302808747097785,1,1,False
2008-04-28 11:32:37,40.010657,116.327596,264,1,17.63407141491669,0,-0.9697006637501389,-1,1,True
2008-04-28 11:32:38,40.010779,116.327448,265,1,17.523224370590956,0,-0.11084704432573389,-1,0,True
2008-04-28 11:32:39,40.01091,116.327299,266,1,17.784091706170916,0,0.26086733557995956,1,1,False
2008-04-28 11:32:40,40.011033,116.327155,267,1,17.123528804907025,0,-0.6605629012638907,-1,1,False
2008-04-28 11:32:41,40.011156,116.32701,268,1,17.227553234287015,0,0.10402442937999012,1,1,False
2008-04-28 11:32:42,40.01127,116.326864,269,1,17.181351083930505,0,-0.04620215035651043,-1,1,False
2008-04-28 11:32:43,40.011389,116.326711,270,1,17.997601265072827,0,0.8162501811423226,1,1,False
2008-04-28 11:32:44,40.011508,116.326558,271,1,17.99759093472386,0,-1.033034896735785e-05,-1,1,True
2008-04-28 11:32:45,40.011632,116.326414,272,1,17.141004795860486,0,-0.8565861388633742,-1,0,True
2008-04-28 11:32:46,40.011751,116.326269,273,1,17.15903298007025,0,0.01802818420976493,1,1,True
2008-04-28 11:32:47,40.011874,116.326123,274,1,17.33161122811513,0,0.17257824804487853,1,0,True
2008-04-28 11:32:48,40.011995,116.325977,275,1,17.297327477964863,0,-0.034283750150265746,-1,1,False
2008-04-28 11:32:49,40.012123,116.325829,276,1,17.626890426120237,0,0.3295629481553739,1,1,False
2008-04-28 11:32:50,40.012249,116.325686,277,1,17.072759548177324,0,-0.5541308779429137,-1,1,False
2008-04-28 11:32:51,40.012382,116.325536,278,1,17.923453513016785,0,0.8506939648394614,1,1,False
2008-04-28 11:32:52,40.01251,116.325386,279,1,17.83468705830864,0,-0.08876645470814637,-1,1,False
2008-04-28 11:32:53,40.012639,116.325233,280,1,18.16428312362298,0,0.32959606531434105,1,1,False
2008-04-28 11:32:54,40.012771,116.325081,281,1,18.11279453318563,0,-0.05148859043734788,-1,1,False
2008-04-28 11:32:55,40.012906,116.324929,282,1,18.166474187607395,0,0.0536796544217637,1,1,False
2008-04-28 11:32:56,40.013032,116.324781,283,1,17.591729670349906,0,-0.5747445172574892,-1,1,False
2008-04-28 11:32:57,40.013158,116.324628,284,1,18.11295467796007,0,0.5212250076101625,1,1,False
2008-04-28 11:32:58,40.013282,116.324477,285,1,17.870209776320333,0,-0.2427449016397354,-1,1,False
2008-04-28 11:32:59,40.013405,116.324325,286,1,17.958012270233702,0,0.0878024939133688,1,1,True
2008-04-28 11:33:00,40.013525,116.32417,287,1,18.22377614288452,0,0.2657638726508189,1,0,True
2008-04-28 11:33:01,40.013644,116.324014,288,1,18.313116413988805,0,0.08934027110428389,1,0,True
2008-04-28 11:33:02,40.013766,116.323863,289,1,17.836658794123423,0,-0.47645761986538204,-1,1,False
2008-04-28 11:33:03,40.013884,116.323706,290,1,18.40281754343926,0,0.5661587493158358,1,1,True
2008-04-28 11:33:04,40.014003,116.323547,291,1,18.62940733694022,0,0.22658979350095976,1,0,True
2008-04-28 11:33:05,40.014128,116.323396,292,1,17.887062682152955,0,-0.7423446547872636,-1,1,True
2008-04-28 11:33:06,40.014251,116.323248,293,1,17.5399087756474,0,-0.3471539065055538,-1,0,True
2008-04-28 11:33:07,40.014378,116.323096,294,1,18.02549726607178,0,0.4855884904243801,1,1,False
2008-04-28 11:33:08,40.01451,116.322947,295,1,17.801701928212104,0,-0.2237953378596771,-1,1,True
2008-04-28 11:33:09,40.014643,116.322812,296,1,16.382244783300205,0,-1.419457144911899,-1,0,True
2008-04-28 11:33:10,40.014768,116.322667,297,1,17.262193462403157,0,0.8799486791029523,1,1,True
2008-04-28 11:33:11,40.014891,116.32252,298,1,17.435555259209245,0,0.17336179680608765,1,0,True
2008-04-28 11:33:12,40.015021,116.322368,299,1,18.077365846949032,0,0.641810587739787,1,0,True
2008-04-28 11:33:13,40.015151,116.322215,300,1,18.181372168286224,0,0.10400632133719157,1,0,True
2008-04-28 11:33:14,40.015278,116.322069,301,1,17.401309879765456,0,-0.7800622885207673,-1,1,True
2008-04-28 11:33:15,40.015408,116.321927,302,1,17.04213316303008,0,-0.35917671673537654,-1,0,True
2008-04-28 11:33:16,40.015537,116.321792,303,1,16.304196822682194,0,-0.7379363403478862,-1,0,True
2008-04-28 11:33:17,40.015662,116.321652,304,1,16.743932581399637,0,0.4397357587174433,1,1,False
2008-04-28 11:33:18,40.015782,116.321518,305,1,16.03281560196456,0,-0.7111169794350758,-1,1,True
2008-04-28 11:33:19,40.015893,116.321396,306,1,14.62902785164136,0,-1.4037877503232004,-1,0,True
2008-04-28 11:33:20,40.016014,116.321275,307,1,14.718822489420644,0,0.08979463777928309,1,1,True
2008-04-28 11:33:21,40.016131,116.321151,308,1,14.947167444051155,0,0.2283449546305114,1,0,True
2008-04-28 11:33:22,40.016249,116.321025,309,1,15.17141280449111,0,0.22424536043995502,1,0,True
2008-04-28 11:33:23,40.016378,116.320894,310,1,15.895502963947198,0,0.7240901594560878,1,0,True
2008-04-28 11:33:24,40.016507,116.320757,311,1,16.509115585364423,0,0.6136126214172251,1,0,True
2008-04-28 11:33:25,40.016636,116.320619,312,1,16.611776246579645,0,0.10266066121522144,1,0,True
2008-04-28 11:33:26,40.016767,116.32048,313,1,16.752319735982457,0,0.14054348940281258,1,0,True
2008-04-28 11:33:27,40.0169,116.320342,314,1,16.68826154969002,0,-0.06405818629243853,-1,1,True
2008-04-28 11:33:28,40.017036,116.320218,315,1,15.33302438666638,0,-1.355237163023638,-1,0,True
2008-04-28 11:33:29,40.017165,116.320093,316,1,15.286294320084123,0,-0.04673006658225809,-1,0,True
2008-04-28 11:33:30,40.017307,116.31998,317,1,14.384645779477504,0,-0.9016485406066188,-1,0,True
2008-04-28 11:33:31,40.017455,116.319882,318,1,13.1152469647053,0,-1.2693988147722042,-1,0,True
2008-04-28 11:33:32,40.017598,116.319778,319,1,13.544728323648119,0,0.42948135894281947,1,1,False
2008-04-28 11:33:33,40.017742,116.319675,320,1,13.47580259690581,0,-0.06892572674230912,-1,1,True
2008-04-28 11:33:34,40.017897,116.319577,321,1,13.310317672244013,0,-0.1654849246617971,-1,0,True
2008-04-28 11:33:35,40.018047,116.319484,322,1,12.714072817775651,0,-0.5962448544683614,-1,0,True
2008-04-28 11:33:36,40.018214,116.319389,323,1,13.393914238017754,0,0.6798414202421021,1,1,False
2008-04-28 11:33:37,40.018376,116.319307,324,1,12.122042971388785,0,-1.2718712666289687,-1,1,True
2008-04-28 11:33:38,40.018524,116.319234,325,1,10.915276863576644,0,-1.2067661078121414,-1,0,True
2008-04-28 11:33:39,40.018678,116.319158,326,1,11.361127895681614,0,0.44585103210497046,1,1,True
2008-04-28 11:33:40,40.018834,116.319076,327,1,11.929159258079428,0,0.5680313623978144,1,0,True
2008-04-28 11:33:41,40.018997,116.318995,328,1,12.07132579241951,0,0.14216653434008109,1,0,True
2008-04-28 11:33:42,40.019156,116.318912,329,1,12.10956810151443,0,0.03824230909492066,1,0,True
2008-04-28 11:33:43,40.019314,116.318832,330,1,11.82471262620119,0,-0.28485547531323974,-1,1,True
2008-04-28 11:33:44,40.019453,116.318777,331,1,9.185418090623541,0,-2.6392945355776494,-1,0,True
2008-04-28 11:33:45,40.019575,116.318717,332,1,8.983134739544264,0,-0.2022833510792772,-1,0,True
2008-04-28 11:33:46,40.019696,116.318669,333,1,8.004984117748757,0,-0.9781506217955069,-1,0,True
2008-04-28 11:33:47,40.019804,116.318627,334,1,7.08277705014904,0,-0.9222070675997172,-1,0,True
2008-04-28 11:33:48,40.019919,116.318576,335,1,8.01936707777071,0,0.9365900276216701,1,1,True
2008-04-28 11:33:49,40.020042,116.318526,336,1,8.227352020379113,0,0.2079849426084035,1,0,True
2008-04-28 11:33:50,40.020151,116.318481,337,1,7.343050777830627,0,-0.884301242548486,-1,1,False
2008-04-28 11:33:51,40.020277,116.318436,338,1,7.976908100131986,0,0.6338573223013588,1,1,False
2008-04-28 11:33:52,40.020395,116.318396,339,1,7.323298365426332,0,-0.653609734705654,-1,1,True
2008-04-28 11:33:53,40.020508,116.318355,340,1,7.198941602998002,0,-0.12435676242832994,-1,0,True
2008-04-28 11:33:54,40.020633,116.318312,341,1,7.800271001365497,0,0.6013293983674943,1,1,True
2008-04-28 11:33:55,40.020757,116.318267,342,1,7.900332455916567,0,0.10006145455107074,1,0,True
2008-04-28 11:33:56,40.020878,116.318225,343,1,7.576351115044754,0,-0.3239813408718133,-1,1,False
2008-04-28 11:33:57,40.021002,116.318182,344,1,7.761355475859206,0,0.18500436081445226,1,1,False
2008-04-28 11:33:58,40.021126,116.318142,345,1,7.560385967235597,0,-0.20096950862360963,-1,1,True
2008-04-28 11:33:59,40.021242,116.318105,346,1,7.045277713707244,0,-0.5151082535283527,-1,0,True
2008-04-28 11:34:00,40.02137,116.318067,347,1,7.594753108002293,0,0.5494753942950492,1,1,False
2008-04-28 11:34:01,40.021497,116.318033,348,1,7.314300702728007,0,-0.2804524052742865,-1,1,False
2008-04-28 11:34:02,40.021617,116.317993,349,1,7.401805640695495,0,0.0875049379674886,1,1,True
2008-04-28 11:34:03,40.021747,116.317949,350,1,8.063383652498286,0,0.6615780118027912,1,0,True
2008-04-28 11:34:04,40.021883,116.317903,351,1,8.433455566120672,0,0.370071913622386,1,0,True
2008-04-28 11:34:05,40.022024,116.317861,352,1,8.374764503107913,0,-0.05869106301275906,-1,1,False
2008-04-28 11:34:06,40.022172,116.317814,353,1,8.975325844899777,0,0.6005613417918632,1,1,True
2008-04-28 11:34:07,40.022321,116.317766,354,1,9.080360251714705,0,0.10503440681492826,1,0,True
2008-04-28 11:34:08,40.022473,116.317714,355,1,9.46540664774778,0,0.38504639603307567,1,0,True
2008-04-28 11:34:09,40.022625,116.317661,356,1,9.53373629743944,0,0.068329649691659,1,0,True
2008-04-28 11:34:10,40.022779,116.317603,357,1,9.962051308005432,0,0.4283150105659921,1,0,True
2008-04-28 11:34:11,40.022935,116.317549,358,1,9.757525365700427,0,-0.2045259423050041,-1,1,True
2008-04-28 11:34:12,40.023094,116.3175,359,1,9.546599774735856,0,-0.21092559096457109,-1,0,True
2008-04-28 11:34:13,40.023254,116.31745,360,1,9.65074706867065,0,0.10414729393479405,1,1,True
2008-04-28 11:34:14,40.023412,116.317396,361,1,9.835397726273639,0,0.1846506576029885,1,0,True
2008-04-28 11:34:15,40.023566,116.317341,362,1,9.749326932880646,0,-0.0860707933929934,-1,1,True
2008-04-28 11:34:16,40.023719,116.317287,363,1,9.641322751206845,0,-0.10800418167380066,-1,0,True
2008-04-28 11:34:17,40.023869,116.317234,364,1,9.45634177311826,0,-0.1849809780885856,-1,0,True
2008-04-28 11:34:18,40.024028,116.317177,365,1,10.080794287783032,0,0.6244525146647728,1,1,False
2008-04-28 11:34:19,40.024185,116.317121,366,1,9.934221185176769,0,-0.1465731026062631,-1,1,False
2008-04-28 11:34:20,40.024344,116.31706,367,1,10.36622350175228,0,0.43200231657551136,1,1,False
2008-04-28 11:34:21,40.024504,116.317,368,1,10.331378673960861,0,-0.034844827791419064,-1,1,True
2008-04-28 11:34:22,40.024658,116.316939,369,1,10.181079256018407,0,-0.15029941794245438,-1,0,True
2008-04-28 11:34:23,40.024813,116.316883,370,1,9.857542057307196,0,-0.323537198711211,-1,0,True
2008-04-28 11:34:24,40.024965,116.316826,371,1,9.814774305594042,0,-0.0427677517131535,-1,0,True
2008-04-28 11:34:25,40.025122,116.316765,372,1,10.291805986297826,0,0.4770316807037833,1,1,True
2008-04-28 11:34:26,40.02527,116.316699,373,1,10.348998590868874,0,0.05719260457104802,1,0,True
2008-04-28 11:34:27,40.02542,116.316641,374,1,9.81239828538275,0,-0.5366003054861235,-1,1,False
2008-04-28 11:34:28,40.025575,116.316575,375,1,10.595103000001624,0,0.7827047146188733,1,1,False
2008-04-28 11:34:29,40.025734,116.316512,376,1,10.51298935444954,0,-0.08211364555208434,-1,1,True
2008-04-28 11:34:30,40.025892,116.316449,377,1,10.476270261934838,0,-0.0367190925147014,-1,0,True
2008-04-28 11:34:31,40.026047,116.316382,378,1,10.672397601411307,0,0.19612733947646888,1,1,False
2008-04-28 11:34:32,40.026211,116.316322,379,1,10.482564750679552,0,-0.18983285073175438,-1,1,False
2008-04-28 11:34:33,40.026372,116.316258,380,1,10.66056917766877,0,0.17800442698921692,1,1,False
2008-04-28 11:34:34,40.026527,116.316201,381,1,9.928024301258956,0,-0.732544876409813,-1,1,True
2008-04-28 11:34:35,40.026681,116.316145,382,1,9.819221972782955,0,-0.10880232847600091,-1,0,True
2008-04-28 11:34:36,40.026832,116.316085,383,1,9.996543596413492,0,0.1773216236305366,1,1,True
2008-04-28 11:34:37,40.026985,116.316021,384,1,10.370232801631397,0,0.3736892052179055,1,0,True
2008-04-28 11:34:38,40.027138,116.315961,385,1,10.070155133640581,0,-0.30007766799081637,-1,1,False
2008-04-28 11:34:39,40.027292,116.315898,386,1,10.330385841676401,0,0.26023070803582016,1,1,True
2008-04-28 11:34:40,40.027451,116.31583,387,1,10.89126354498205,0,0.560877703305648,1,0,True
2008-04-28 11:34:41,40.027605,116.315766,388,1,10.40609427062699,0,-0.48516927435505863,-1,1,False
2008-04-28 11:34:42,40.027757,116.3157,389,1,10.48877168653283,0,0.08267741590583988,1,1,False
2008-04-28 11:34:43,40.027916,116.31564,390,1,10.293501034623759,0,-0.19527065190907145,-1,1,True
2008-04-28 11:34:44,40.028071,116.315578,391,1,10.291782271095874,0,-0.0017187635278848035,-1,0,True
2008-04-28 11:34:45,40.028226,116.315508,392,1,10.907741925722243,0,0.6159596546263693,1,1,False
2008-04-28 11:34:46,40.028383,116.315443,393,1,10.589998640489707,0,-0.31774328523253637,-1,1,True
2008-04-28 11:34:47,40.028537,116.315378,394,1,10.482385922411517,0,-0.10761271807819028,-1,0,True
2008-04-28 11:34:48,40.028689,116.315323,395,1,9.67232582670566,0,-0.8100600957058575,-1,0,True
2008-04-28 11:34:49,40.028841,116.315266,396,1,9.81445935845547,0,0.1421335317498098,1,1,False
2008-04-28 11:34:50,40.028997,116.315212,397,1,9.75702546069899,0,-0.05743389775647856,-1,1,True
2008-04-28 11:34:51,40.029145,116.31516,398,1,9.309543546091701,0,-0.44748191460728926,-1,0,True
2008-04-28 11:34:52,40.029294,116.31511,399,1,9.212303498457779,0,-0.0972400476339228,-1,0,True
2008-04-28 11:34:53,40.02944,116.315058,400,1,9.232458496393981,0,0.02015499793620279,1,1,False
2008-04-28 11:34:54,40.029577,116.315005,401,1,8.963645624542075,0,-0.2688128718519067,-1,1,False
2008-04-28 11:34:55,40.02971,116.31495,402,1,8.96622819444208,0,0.0025825699000048274,1,1,False
2008-04-28 11:34:56,40.029838,116.3149,403,1,8.410096008630125,0,-0.5561321858119541,-1,1,False
2008-04-28 11:34:57,40.029958,116.314845,404,1,8.508835817845226,0,0.0987398092151004,1,1,False
2008-04-28 11:34:58,40.03007,116.314797,405,1,7.679460766070931,0,-0.8293750517742948,-1,1,True
2008-04-28 11:34:59,40.030182,116.314752,406,1,7.451439402856182,0,-0.22802136321474897,-1,0,True
2008-04-28 11:35:00,40.03029,116.314708,407,1,7.230824006396652,0,-0.22061539645952966,-1,0,True
2008-04-28 11:35:01,40.030395,116.314666,408,1,6.9717274625091505,0,-0.2590965438875017,-1,0,True
2008-04-28 11:35:02,40.030498,116.314629,409,1,6.535250000420958,0,-0.4364774620881926,-1,0,True
2008-04-28 11:35:03,40.030598,116.314587,410,1,6.790730066668385,0,0.2554800662474275,1,1,True
2008-04-28 11:35:04,40.030695,116.314541,411,1,7.002181676101472,0,0.2114516094330865,1,0,True
2008-04-28 11:35:05,40.030787,116.314492,412,1,7.0893113762743205,0,0.0871297001728486,1,0,True
2008-04-28 11:35:06,40.030875,116.314442,413,1,7.052152170945329,0,-0.037159205328991085,-1,1,True
2008-04-28 11:35:08,40.031033,116.314353,414,2,6.297084765391865,0,-0.37753370277673204,-1,0,True
2008-04-28 11:35:10,40.031169,116.314267,415,2,5.839591566926091,0,-0.22874659923288698,-1,0,True
2008-04-28 11:35:12,40.03128,116.31418,416,2,5.557361608075534,0,-0.14111497942527862,-1,0,True
2008-04-28 11:35:14,40.031374,116.314099,417,2,5.06467236439788,0,-0.24634462183882722,-1,0,True
2008-04-28 11:35:16,40.031443,116.314016,418,2,4.918265776374449,0,-0.07320329401171533,-1,0,True
2008-04-28 11:35:18,40.031505,116.313959,419,2,3.518429174046093,0,-0.6999183011641781,-1,0,True
2008-04-28 11:35:20,40.031571,116.31393,420,2,2.2904447522813727,0,-0.6139922108823601,-1,0,True
2008-04-28 11:35:22,40.031626,116.313927,421,2,1.3658234993235236,0,-0.4623106264789245,-1,0,True
2008-04-28 11:35:24,40.031674,116.313944,422,2,1.5142933553735813,0,0.07423492802502885,1,1,False
2008-04-28 11:35:26,40.031704,116.31396,423,2,1.1567858528321937,0,-0.17875375127069382,-1,1,True
2008-04-28 11:35:28,40.031723,116.31397,424,2,0.7269453844659294,0,-0.21492023418313216,-1,0,True
2008-04-28 11:35:30,40.03174,116.313969,425,2,0.4226771243713385,1,-0.15213413004729545,-1,0,True
2008-04-28 11:35:32,40.031755,116.313968,426,2,0.37386709896874143,1,-0.024405012701298523,-1,0,True
2008-04-28 11:35:34,40.03177,116.313964,427,2,0.43144926822742746,0,0.028791084629343017,1,1,True
2008-04-28 11:35:36,40.031775,116.313953,428,2,0.6239020686878867,0,0.0962264002302296,1,0,True
2008-04-28 11:35:38,40.03178,116.313939,429,2,0.788107360503121,0,0.08210264590761718,1,0,True
2008-04-28 11:35:40,40.031785,116.313931,430,2,0.4615632055448213,1,-0.16327207747914987,-1,1,True
2008-04-28 11:35:42,40.031788,116.313926,431,2,0.28766972285740444,1,-0.08694674134370842,-1,0,True
2008-04-28 11:35:44,40.03179,116.313922,432,2,0.22780100466730904,1,-0.0299343590950477,-1,0,True
2008-04-28 11:35:46,40.031788,116.313926,433,2,0.22780100466730904,1,0.0,-1,0,True
2008-04-28 11:35:48,40.031788,116.313929,434,2,0.16680267651285008,1,-0.030499164077229482,-1,0,True
2008-04-28 11:35:50,40.031791,116.31393,435,2,0.09251405324816107,1,-0.0371443116323445,-1,0,True
2008-04-28 11:35:52,40.031792,116.31393,436,2,0.02464726964094645,1,-0.03393339180360731,-1,0,True
2008-04-28 11:35:54,40.031792,116.31393,437,2,0.0,1,-0.012323634820473226,-1,0,True
2008-04-28 11:35:56,40.03179,116.313925,438,2,0.2823409847615183,1,0.14117049238075915,1,1,False
2008-04-28 11:35:58,40.03179,116.31392,439,2,0.27800445849686106,1,-0.002168263132328624,-1,1,True
2008-04-28 11:36:00,40.031788,116.313917,440,2,0.1739341313556554,1,-0.052035163570602824,-1,0,True
2008-04-28 11:36:02,40.031787,116.313912,441,2,0.27909490813294136,1,0.05258038838864297,1,1,True
2008-04-28 11:36:04,40.031787,116.313903,442,2,0.5004080267090834,0,0.110656559288071,1,0,True
2008-04-28 11:36:06,40.031792,116.313887,443,2,0.8981095210837883,0,0.19885074718735246,1,0,True
2008-04-28 11:36:08,40.031828,116.313884,444,2,0.902842719560979,0,0.002366599238595335,1,0,True
2008-04-28 11:36:10,40.031957,116.31386,445,2,3.4481654857993136,0,1.2726613831191673,1,0,True
2008-04-28 11:36:11,40.032048,116.313842,446,1,4.912112382229236,0,1.4639468964299227,1,0,True
2008-04-28 11:36:12,40.032213,116.313843,447,1,8.134333985140945,0,3.2222216029117083,1,0,True
2008-04-28 11:36:13,40.032355,116.313792,448,1,9.008923144625912,0,0.8745891594849677,1,0,True
2008-04-28 11:36:14,40.03249,116.313745,449,1,8.461766738926043,0,-0.5471564056998695,-1,1,False
2008-04-28 11:36:15,40.032689,116.313696,450,1,11.221295115744875,0,2.7595283768188317,1,1,True
2008-04-28 11:36:16,40.032921,116.313688,451,1,11.470785979014888,0,0.24949086327001346,1,0,True
2008-04-28 11:36:17,40.033083,116.313639,452,1,9.667513848993597,0,-1.8032721300212913,-1,1,True
2008-04-28 11:36:18,40.033266,116.313609,453,1,9.617907482346077,0,-0.04960636664752016,-1,0,True
2008-04-28 11:36:19,40.033493,116.313565,454,1,12.212706667089607,0,2.5947991847435308,1,1,True
2008-04-28 11:36:20,40.033665,116.313485,455,1,12.289303806824003,0,0.07659713973439608,1,0,True
2008-04-28 11:36:21,40.033842,116.313423,456,1,11.120237054662775,0,-1.1690667521612284,-1,1,False
2008-04-28 11:36:22,40.034009,116.313347,457,1,11.79793990608148,0,0.6777028514187045,1,1,True
2008-04-28 11:36:23,40.034164,116.313266,458,1,11.811404346690676,0,0.01346444060919616,1,0,True
2008-04-28 11:36:24,40.034321,116.313181,459,1,12.216221200627475,0,0.4048168539367989,1,0,True
2008-04-28 11:36:25,40.034488,116.3131,460,1,12.202352162313646,0,-0.013869038313828241,-1,1,False
2008-04-28 11:36:26,40.034649,116.31301,461,1,12.772868227017465,0,0.5705160647038188,1,1,True
2008-04-28 11:36:27,40.034805,116.312907,462,1,13.795666311857026,0,1.022798084839561,1,0,True
2008-04-28 11:36:28,40.034959,116.312794,463,1,14.680725807916238,0,0.8850594960592115,1,0,True
2008-04-28 11:36:29,40.03511,116.312695,464,1,13.289027654781018,0,-1.39169815313522,-1,1,False
2008-04-28 11:36:30,40.035268,116.31257,465,1,15.933359820500693,0,2.6443321657196748,1,1,False
2008-04-28 11:36:31,40.035422,116.312455,466,1,14.871488056148552,0,-1.0618717643521407,-1,1,False
2008-04-28 11:36:32,40.035573,116.312324,467,1,16.35877214752513,0,1.4872840913765781,1,1,True
2008-04-28 11:36:33,40.035732,116.312194,468,1,16.444056727451976,0,0.0852845799268458,1,0,True
2008-04-28 11:36:34,40.035885,116.312074,469,1,15.327869227189659,0,-1.116187500262317,-1,1,True
2008-04-28 11:36:35,40.036036,116.311955,470,1,15.182570582346814,0,-0.14529864484284438,-1,0,True
2008-04-28 11:36:36,40.03618,116.311845,471,1,14.142378905342074,0,-1.0401916770047404,-1,0,True
2008-04-28 11:36:37,40.036318,116.311739,472,1,13.609245254591492,0,-0.5331336507505817,-1,0,True
2008-04-28 11:36:38,40.036458,116.311631,473,1,13.851159665831592,0,0.24191441124009927,1,1,True
2008-04-28 11:36:39,40.036601,116.311522,474,1,14.021424040110672,0,0.17026437427908014,1,0,True
2008-04-28 11:36:40,40.03674,116.311416,475,1,13.63390924004117,0,-0.3875148000695017,-1,1,True
2008-04-28 11:36:41,40.036874,116.311309,476,1,13.60884890657677,0,-0.02506033346440084,-1,0,True
2008-04-28 11:36:42,40.037007,116.311188,477,1,14.967414410262965,0,1.3585655036861954,1,1,False
2008-04-28 11:36:43,40.03713,116.311066,478,1,14.859629152502707,0,-0.10778525776025738,-1,1,False
2008-04-28 11:36:44,40.037254,116.310922,479,1,17.139812821863032,0,2.2801836693603246,1,1,False
2008-04-28 11:36:45,40.037374,116.31078,480,1,16.862041116920558,0,-0.2777717049424737,-1,1,True
2008-04-28 11:36:46,40.037488,116.310644,481,1,16.13353633070164,0,-0.7285047862189167,-1,0,True
2008-04-28 11:36:47,40.037604,116.31049,482,1,18.054302853587235,0,1.920766522885593,1,1,False
2008-04-28 11:36:48,40.037715,116.310344,483,1,17.13248919250961,0,-0.9218136610776249,-1,1,True
2008-04-28 11:36:49,40.037822,116.310203,484,1,16.54262784830055,0,-0.5898613442090586,-1,0,True
2008-04-28 11:36:50,40.037937,116.310041,485,1,18.885351251301483,0,2.3427234030009316,1,1,False
2008-04-28 11:36:51,40.03804,116.309903,486,1,16.16376037977167,0,-2.7215908715298127,-1,1,True
2008-04-28 11:36:52,40.038161,116.30977,487,1,15.946972388609256,0,-0.21678799116241443,-1,0,True
2008-04-28 11:36:53,40.0383,116.309599,488,1,20.2119879881038,0,4.265015599494545,1,1,False
2008-04-28 11:36:54,40.038428,116.309444,489,1,18.354540767802607,0,-1.857447220301193,-1,1,True
2008-04-28 11:36:55,40.038553,116.309297,490,1,17.469091025129323,0,-0.8854497426732841,-1,0,True
2008-04-28 11:36:56,40.038676,116.309146,491,1,17.852281757763997,0,0.38319073263467374,1,1,False
2008-04-28 11:36:57,40.038802,116.309001,492,1,17.27878483762554,0,-0.5734969201384565,-1,1,False
2008-04-28 11:36:58,40.038937,116.308842,493,1,18.891557142580044,0,1.612772304954504,1,1,False
2008-04-28 11:36:59,40.039073,116.308696,494,1,17.564685852263455,0,-1.3268712903165891,-1,1,True
2008-04-28 11:37:00,40.039211,116.308554,495,1,17.193120811945413,0,-0.3715650403180426,-1,0,True
2008-04-28 11:37:01,40.039351,116.308416,496,1,16.825686991114463,0,-0.36743382083095,-1,0,True
2008-04-28 11:37:02,40.039493,116.308285,497,1,16.161323369669145,0,-0.6643636214453181,-1,0,True
2008-04-28 11:37:03,40.039639,116.308171,498,1,14.576776633856174,0,-1.584546735812971,-1,0,True
2008-04-28 11:37:04,40.039782,116.308071,499,1,13.165412065386493,0,-1.411364568469681,-1,0,True
2008-04-28 11:37:05,40.039928,116.307968,500,1,13.52643347747129,0,0.36102141208479743,1,1,False
2008-04-28 11:37:06,40.040073,116.307869,501,1,13.124999863604494,0,-0.40143361386679643,-1,1,False
2008-04-28 11:37:07,40.040217,116.307765,502,1,13.56888450570999,0,0.4438846421054965,1,1,False
2008-04-28 11:37:08,40.040363,116.307676,503,1,12.236173439608583,0,-1.3327110661014068,-1,1,True
2008-04-28 11:37:09,40.04051,116.307589,504,1,12.08645951741127,0,-0.1497139221973125,-1,0,True
2008-04-28 11:37:10,40.040663,116.307503,505,1,12.178457842226978,0,0.09199832481570702,1,1,False
2008-04-28 11:37:11,40.040817,116.307418,506,1,12.122111557806324,0,-0.0563462844206537,-1,1,True
2008-04-28 11:37:12,40.04097,116.307335,507,1,11.918249694436629,0,-0.20386186336969558,-1,0,True
2008-04-28 11:37:13,40.041122,116.307249,508,1,12.147963932164265,0,0.22971423772763622,1,1,True
2008-04-28 11:37:14,40.041272,116.307162,509,1,12.17558953767976,0,0.027625605515495977,1,0,True
2008-04-28 11:37:15,40.041423,116.307072,510,1,12.471646330233712,0,0.29605679255395145,1,0,True
2008-04-28 11:37:16,40.041572,116.306985,511,1,12.145702780151646,0,-0.32594355008206577,-1,1,False
2008-04-28 11:37:17,40.041719,116.306897,512,1,12.175547731324622,0,0.029844951172975698,1,1,False
2008-04-28 11:37:18,40.041873,116.306814,513,1,11.949401950409868,0,-0.226145780914754,-1,1,True
2008-04-28 11:37:19,40.042033,116.306747,514,1,10.848299979569193,0,-1.1011019708406753,-1,0,True
2008-04-28 11:37:20,40.042192,116.306665,515,1,12.02281877238188,0,1.1745187928126875,1,1,True
2008-04-28 11:37:21,40.042355,116.306574,516,1,12.920122554104335,0,0.8973037817224547,1,0,True
2008-04-28 11:37:22,40.042528,116.306473,517,1,14.10077676340931,0,1.1806542093049757,1,0,True
2008-04-28 11:37:23,40.042694,116.306369,518,1,14.1659150675791,0,0.06513830416978905,1,0,True
2008-04-28 11:37:24,40.042844,116.30627,519,1,13.260547109272284,0,-0.9053679583068153,-1,1,False
2008-04-28 11:37:25,40.04299,116.306169,520,1,13.338386768255319,0,0.07783965898303435,1,1,True
2008-04-28 11:37:26,40.043134,116.306064,521,1,13.663566140044043,0,0.3251793717887246,1,0,True
2008-04-28 11:37:27,40.043279,116.305955,522,1,14.070525184524966,0,0.40695904448092257,1,0,True
2008-04-28 11:37:28,40.043426,116.305845,523,1,14.21638807468081,0,0.14586289015584342,1,0,True
2008-04-28 11:37:29,40.043574,116.305735,524,1,14.241548590338587,0,0.025160515657777438,1,0,True
2008-04-28 11:37:30,40.043712,116.305627,525,1,13.801600502927823,0,-0.4399480874107642,-1,1,False
2008-04-28 11:37:31,40.043856,116.305514,526,1,14.431116294242036,0,0.6295157913142138,1,1,True
2008-04-28 11:37:32,40.043997,116.305399,527,1,14.554008646166912,0,0.12289235192487524,1,0,True
2008-04-28 11:37:33,40.044134,116.305282,528,1,14.657968897011235,0,0.10396025084432381,1,0,True
2008-04-28 11:37:34,40.044273,116.305164,529,1,14.802099675133372,0,0.14413077812213615,1,0,True
2008-04-28 11:37:35,40.044411,116.305045,530,1,14.878164811305119,0,0.07606513617174748,1,0,True
2008-04-28 11:37:36,40.044549,116.304929,531,1,14.582231979399984,0,-0.29593283190513553,-1,1,False
2008-04-28 11:37:37,40.044691,116.304813,532,1,14.675180289377613,0,0.09294830997762915,1,1,False
2008-04-28 11:37:38,40.044833,116.304701,533,1,14.285757912982906,0,-0.3894223763947071,-1,1,True
2008-04-28 11:37:39,40.044977,116.304592,534,1,14.045389599627931,0,-0.2403683133549741,-1,0,True
2008-04-28 11:37:40,40.045122,116.304475,535,1,14.843577408874022,0,0.798187809246091,1,1,True
2008-04-28 11:37:41,40.045268,116.304358,536,1,14.867347096804277,0,0.02376968793025469,1,0,True
2008-04-28 11:37:42,40.045414,116.304242,537,1,14.770116582191527,0,-0.09723051461275034,-1,1,True
2008-04-28 11:37:43,40.045555,116.304129,538,1,14.35883049141172,0,-0.41128609077980727,-1,0,True
2008-04-28 11:37:44,40.0457,116.304015,539,1,14.551996481086787,0,0.1931659896750677,1,1,True
2008-04-28 11:37:45,40.045848,116.3039,540,1,14.721629991810861,0,0.16963351072407384,1,0,True
2008-04-28 11:37:46,40.045995,116.303784,541,1,14.794125144606383,0,0.07249515279552199,1,0,True
2008-04-28 11:37:47,40.04614,116.303671,542,1,14.455182971612823,0,-0.3389421729935602,-1,1,True
2008-04-28 11:37:48,40.046285,116.303563,543,1,13.974536367464582,0,-0.4806466041482409,-1,0,True
2008-04-28 11:37:49,40.04643,116.303457,544,1,13.783856605016346,0,-0.19067976244823548,-1,0,True
2008-04-28 11:37:50,40.046575,116.303352,545,1,13.68886886785784,0,-0.09498773715850639,-1,0,True
2008-04-28 11:37:51,40.046715,116.30324,546,1,14.2375687375678,0,0.5486998697099601,1,1,True
2008-04-28 11:37:52,40.046856,116.303127,547,1,14.358711545517714,0,0.12114280794991394,1,0,True
2008-04-28 11:37:53,40.046998,116.303014,548,1,14.382606206872124,0,0.023894661354409763,1,0,True
2008-04-28 11:37:54,40.047147,116.302899,549,1,14.745974592700128,0,0.3633683858280037,1,0,True
2008-04-28 11:37:55,40.047286,116.302787,550,1,14.213705185416531,0,-0.5322694072835965,-1,1,False
2008-04-28 11:37:56,40.04742,116.302671,551,1,14.491115159740895,0,0.2774099743243639,1,1,True
2008-04-28 11:37:57,40.047558,116.302555,552,1,14.581966163497603,0,0.09085100375670763,1,0,True
2008-04-28 11:37:58,40.047701,116.302439,553,1,14.698458615246718,0,0.11649245174911549,1,0,True
2008-04-28 11:37:59,40.04784,116.302325,554,1,14.408929385445669,0,-0.2895292298010492,-1,1,False
2008-04-28 11:38:00,40.047984,116.302211,555,1,14.527643301679019,0,0.11871391623335015,1,1,False
2008-04-28 11:38:01,40.048124,116.3021,556,1,14.140259864813382,0,-0.3873834368656368,-1,1,True
2008-04-28 11:38:02,40.048254,116.301995,557,1,13.317848707632965,0,-0.8224111571804169,-1,0,True
2008-04-28 11:38:03,40.048379,116.301899,558,1,12.324748928450392,0,-0.9930997791825735,-1,0,True
2008-04-28 11:38:04,40.048503,116.301811,559,1,11.5365564890766,0,-0.7881924393737911,-1,0,True
2008-04-28 11:38:05,40.048627,116.301732,560,1,10.700750576580907,0,-0.8358059124956938,-1,0,True
2008-04-28 11:38:06,40.048748,116.301671,561,1,9.031029658225943,0,-1.6697209183549635,-1,0,True
2008-04-28 11:38:07,40.048868,116.301612,562,1,8.832125154925794,0,-0.19890450330014886,-1,0,True
2008-04-28 11:38:08,40.048981,116.30155,563,1,8.862013713562478,0,0.02988855863668327,1,1,False
2008-04-28 11:38:09,40.049091,116.301487,564,1,8.857576767691388,0,-0.004436945871090003,-1,1,False
2008-04-28 11:38:10,40.049198,116.301422,565,1,8.946601692469052,0,0.08902492477766444,1,1,False
2008-04-28 11:38:11,40.049305,116.301373,566,1,7.581970967952064,0,-1.3646307245169877,-1,1,True
2008-04-28 11:38:12,40.049389,116.30133,567,1,6.324156091093271,0,-1.2578148768587933,-1,0,True
2008-04-28 11:38:13,40.049474,116.301281,568,1,6.8724909895829285,0,0.5483348984896574,1,1,False
2008-04-28 11:38:14,40.04956,116.301243,569,1,5.984323104422818,0,-0.8881678851601107,-1,1,True
2008-04-28 11:38:16,40.049722,116.301186,570,2,5.0963473780146415,0,-0.4439878632040881,-1,0,True
2008-04-28 11:38:18,40.049858,116.301132,571,2,4.498962571253002,0,-0.2986924033808198,-1,0,True
2008-04-28 11:38:20,40.049992,116.301051,572,2,5.5840158653929,0,0.5425266470699492,1,1,False
2008-04-28 11:38:22,40.050105,116.300969,573,2,5.3419951038083,0,-0.12101038079230042,-1,1,True
2008-04-28 11:38:24,40.050203,116.300894,574,2,4.818549537899811,0,-0.26172278295424434,-1,0,True
2008-04-28 11:38:26,40.050271,116.300812,575,2,4.857304109627743,0,0.019377285863966254,1,1,False
2008-04-28 11:38:28,40.050321,116.300751,576,2,3.6084110246027974,0,-0.624446542512473,-1,1,True
2008-04-28 11:38:30,40.050344,116.300717,577,2,1.9735218877692091,0,-0.8174445684167941,-1,0,True
2008-04-28 11:38:32,40.050362,116.300687,578,2,1.7259651216259284,0,-0.12377838307164035,-1,0,True
2008-04-28 11:38:34,40.050375,116.300681,579,2,0.46245217441899006,0,-0.6317564736034692,-1,0,True
2008-04-28 11:38:36,40.050382,116.300694,580,2,0.7430987080457725,0,0.14032326681339122,1,1,True
2008-04-28 11:38:38,40.050381,116.300712,581,2,1.0011192218899472,0,0.12901025692208734,1,0,True
2008-04-28 11:38:40,40.050385,116.30072,582,2,0.4555920662298147,0,-0.2727635778300662,-1,1,False
2008-04-28 11:38:42,40.050391,116.300733,583,2,0.7377708234580539,0,0.1410893786141196,1,1,False
2008-04-28 11:38:44,40.050389,116.300744,584,2,0.6135912721244382,0,-0.062089775666807845,-1,1,True
2008-04-28 11:38:46,40.050379,116.30075,585,2,0.4147105043177355,1,-0.09944038390335136,-1,0,True
2008-04-28 11:38:48,40.050373,116.300754,586,2,0.26704413997751986,1,-0.07383318217010781,-1,0,True
2008-04-28 11:38:50,40.05037,116.300758,587,2,0.2343622318370261,1,-0.016340954070246883,-1,0,True
2008-04-28 11:38:52,40.050363,116.300768,588,2,0.5821384406884312,0,0.17388810442570257,1,1,True
2008-04-28 11:38:54,40.050348,116.300782,589,2,0.861675043617297,0,0.13976830146443286,1,0,True
2008-04-28 11:38:56,40.050332,116.300797,590,2,0.9224700535878938,1,0.030397504985298418,1,0,True
2008-04-28 11:38:58,40.050331,116.3008,591,2,0.1686121506288348,1,-0.3769289514795295,-1,1,True
2008-04-28 11:39:00,40.050331,116.3008,592,2,0.0,1,-0.0843060753144174,-1,0,True
2008-04-28 11:39:02,40.050334,116.300796,593,2,0.23436226371969687,1,0.11718113185984844,1,1,True
2008-04-28 11:39:04,40.050342,116.300791,594,2,0.3407780234279982,1,0.05320787985415065,1,0,True
2008-04-28 11:39:06,40.050345,116.300792,595,2,0.09248665191134595,1,-0.12414568575832612,-1,1,True
2008-04-28 11:39:08,40.050347,116.300793,596,2,0.07429103461140749,1,-0.00909780864996923,-1,0,True
2008-04-28 11:39:10,40.050358,116.300792,597,2,0.27663937538357103,1,0.10117417038608177,1,1,True
2008-04-28 11:39:12,40.050375,116.30079,598,2,0.43332095162559475,0,0.07834078812101186,1,0,True
2008-04-28 11:39:14,40.050397,116.300787,599,2,0.5670754702735075,0,0.06687725932395636,1,0,True
2008-04-28 11:39:16,40.050444,116.300791,600,2,1.1790502989356348,0,0.3059874143310637,1,0,True
2008-04-28 11:39:18,40.050496,116.300795,601,2,1.3002260215133097,0,0.06058786128883742,1,0,True
2008-04-28 11:39:20,40.050592,116.300803,602,2,2.406506533672634,0,0.5531402560796621,1,0,True
2008-04-28 11:39:21,40.05069,116.300796,603,1,4.8909667316997965,0,2.4844601980271626,1,0,True
2008-04-28 11:39:23,40.050875,116.300758,604,2,5.0235486542035845,0,0.06629096125189404,1,0,True
2008-04-28 11:39:24,40.05101,116.300694,605,1,9.741409950510338,0,4.717861296306753,1,0,True
2008-04-28 11:39:25,40.051139,116.300655,606,1,7.694636741188986,0,-2.046773209321352,-1,1,False
2008-04-28 11:39:26,40.051257,116.300589,607,1,9.363143389222826,0,1.6685066480338397,1,1,True
2008-04-28 11:39:27,40.051406,116.300524,608,1,10.30252882229901,0,0.9393854330761844,1,0,True
2008-04-28 11:39:28,40.051554,116.300452,609,1,10.829573665182162,0,0.5270448428831518,1,0,True
2008-04-28 11:39:29,40.051701,116.300383,610,1,10.551421702603067,0,-0.2781519625790949,-1,1,False
2008-04-28 11:39:30,40.051872,116.300317,611,1,11.173705884053037,0,0.6222841814499702,1,1,False
2008-04-28 11:39:31,40.052031,116.30025,612,1,10.811229576473867,0,-0.36247630757917015,-1,1,False
2008-04-28 11:39:32,40.052193,116.300175,613,1,11.544165010387884,0,0.732935433914017,1,1,True
2008-04-28 11:39:33,40.052366,116.30009,614,1,12.72785831202951,0,1.1836933016416253,1,0,True
2008-04-28 11:39:34,40.052533,116.299998,615,1,13.128859482064298,0,0.40100117003478886,1,0,True
2008-04-28 11:39:35,40.052696,116.299914,616,1,12.31872799731082,0,-0.8101314847534784,-1,1,True
2008-04-28 11:39:36,40.052859,116.299833,617,1,12.06770874889941,0,-0.25101924841141,-1,0,True
2008-04-28 11:39:37,40.053024,116.29974,618,1,13.154524788784345,0,1.0868160398849351,1,1,True
2008-04-28 11:39:38,40.053186,116.299644,619,1,13.329333196980471,0,0.1748084081961263,1,0,True
2008-04-28 11:39:39,40.053348,116.299554,620,1,12.801188661821383,0,-0.5281445351590879,-1,1,False
2008-04-28 11:39:40,40.053514,116.299461,621,1,13.18498067872616,0,0.38379201690477593,1,1,True
2008-04-28 11:39:41,40.053686,116.299362,622,1,13.892861423055898,0,0.7078807443297386,1,0,True
2008-04-28 11:39:42,40.053855,116.299263,623,1,13.803181527697541,0,-0.08967989535835663,-1,1,True
2008-04-28 11:39:43,40.054023,116.299173,624,1,12.987494973356648,0,-0.8156865543408927,-1,0,True
2008-04-28 11:39:44,40.054198,116.299078,625,1,13.636025642654356,0,0.648530669297708,1,1,True
2008-04-28 11:39:45,40.054366,116.298968,626,1,14.769476262238088,0,1.1334506195837317,1,0,True
2008-04-28 11:39:46,40.05453,116.298865,627,1,14.016985926102736,0,-0.7524903361353523,-1,1,False
2008-04-28 11:39:47,40.054698,116.298744,628,1,15.797403676288473,0,1.7804177501857374,1,1,False
2008-04-28 11:39:48,40.05486,116.298649,629,1,13.24027074590762,0,-2.5571329303808525,-1,1,True
2008-04-28 11:39:49,40.055021,116.298556,630,1,13.03344798279383,0,-0.20682276311379155,-1,0,True
2008-04-28 11:39:50,40.055178,116.29847,631,1,12.299936569890974,0,-0.733511412902855,-1,0,True
2008-04-28 11:39:51,40.055329,116.298389,632,1,11.682336008895733,0,-0.6176005609952409,-1,0,True
2008-04-28 11:39:52,40.055482,116.2983,633,1,12.440657778255042,0,0.7583217693593092,1,1,True
2008-04-28 11:39:53,40.055639,116.298206,634,1,13.003620488465028,0,0.5629627102099857,1,0,True
2008-04-28 11:39:54,40.055804,116.298107,635,1,13.685004858239544,0,0.6813843697745163,1,0,True
2008-04-28 11:39:55,40.055973,116.298006,636,1,13.980987254271842,0,0.29598239603229715,1,0,True
2008-04-28 11:39:56,40.05614,116.297907,637,1,13.743729245304523,0,-0.2372580089673182,-1,1,False
2008-04-28 11:39:57,40.056309,116.297808,638,1,13.802923440336095,0,0.059194195031571084,1,1,True
2008-04-28 11:39:58,40.056473,116.297706,639,1,13.926074505942083,0,0.12315106560598821,1,0,True
2008-04-28 11:39:59,40.056634,116.297607,640,1,13.568787945281665,0,-0.35728656066041786,-1,1,True
2008-04-28 11:40:00,40.05679,116.297507,641,1,13.517593809628464,0,-0.0511941356532013,-1,0,True
2008-04-28 11:40:01,40.056944,116.297413,642,1,12.9161249918714,0,-0.6014688177570644,-1,0,True
2008-04-28 11:40:02,40.057098,116.297322,643,1,12.647642839656239,0,-0.26848215221516014,-1,0,True
2008-04-28 11:40:03,40.057255,116.297233,644,1,12.560863136673005,0,-0.08677970298323423,-1,0,True
2008-04-28 11:40:04,40.05741,116.297144,645,1,12.50041632264162,0,-0.06044681403138519,-1,0,True
2008-04-28 11:40:05,40.057563,116.297056,646,1,12.352174637552693,0,-0.14824168508892654,-1,0,True
2008-04-28 11:40:06,40.05772,116.296971,647,1,12.213416587166783,0,-0.13875805038590983,-1,0,True
2008-04-28 11:40:07,40.057875,116.296888,648,1,11.979056640199698,0,-0.23435994696708562,-1,0,True
2008-04-28 11:40:08,40.058035,116.296804,649,1,12.222320095732051,0,0.24326345553235385,1,1,True
2008-04-28 11:40:09,40.0582,116.296716,650,1,12.721490226982056,0,0.4991701312500041,1,0,True
2008-04-28 11:40:10,40.058361,116.29663,651,1,12.424483823851103,0,-0.2970064031309523,-1,1,True
2008-04-28 11:40:11,40.058524,116.296545,652,1,12.402642534113319,0,-0.02184128973778421,-1,0,True
2008-04-28 11:40:12,40.058685,116.296457,653,1,12.596441763724897,0,0.19379922961157803,1,1,False
2008-04-28 11:40:13,40.05884,116.29637,654,1,12.324951995201845,0,-0.2714897685230522,-1,1,False
2008-04-28 11:40:14,40.058993,116.296279,655,1,12.617985587012384,0,0.29303359181053956,1,1,True
2008-04-28 11:40:15,40.059144,116.296187,656,1,12.649133398054836,0,0.03114781104245168,1,0,True
2008-04-28 11:40:16,40.059296,116.296096,657,1,12.588590907159805,0,-0.060542490895031165,-1,1,False
2008-04-28 11:40:17,40.059458,116.296006,658,1,12.800565118083234,0,0.2119742109234295,1,1,False
2008-04-28 11:40:18,40.059611,116.295919,659,1,12.264078923310548,0,-0.5364861947726869,-1,1,True
2008-04-28 11:40:19,40.059762,116.295833,660,1,12.11579409726387,0,-0.14828482604667848,-1,0,True
2008-04-28 11:40:20,40.059909,116.295753,661,1,11.470962194749031,0,-0.6448319025148379,-1,0,True
2008-04-28 11:40:21,40.060057,116.295675,662,1,11.330974840404643,0,-0.13998735434438814,-1,0,True
2008-04-28 11:40:22,40.060214,116.29559,663,1,12.213177678505422,0,0.8822028381007794,1,1,True
2008-04-28 11:40:23,40.060369,116.295504,664,1,12.23771150952635,0,0.024533831020926655,1,0,True
2008-04-28 11:40:24,40.060519,116.295419,665,1,11.997742542077203,0,-0.23996896744914586,-1,1,False
2008-04-28 11:40:25,40.060676,116.295321,666,1,13.36334259702292,0,1.3656000549457161,1,1,False
2008-04-28 11:40:26,40.060825,116.295229,667,1,12.591297763898142,0,-0.7720448331247773,-1,1,False
2008-04-28 11:40:27,40.060967,116.295121,668,1,13.898482506565607,0,1.3071847426674648,1,1,True
2008-04-28 11:40:28,40.061105,116.295009,669,1,14.189131379338578,0,0.29064887277297125,1,0,True
2008-04-28 11:40:29,40.061239,116.294891,670,1,14.688624245001495,0,0.4994928656629174,1,0,True
2008-04-28 11:40:30,40.061379,116.294766,671,1,15.517056817554808,0,0.8284325725533126,1,0,True
2008-04-28 11:40:31,40.061515,116.294641,672,1,15.430476508147564,0,-0.08658030940724437,-1,1,False
2008-04-28 11:40:32,40.061647,116.29451,673,1,15.952798323754287,0,0.5223218156067233,1,1,False
2008-04-28 11:40:33,40.061779,116.29438,674,1,15.851305974347083,0,-0.10149234940720397,-1,1,True
2008-04-28 11:40:34,40.061912,116.294256,675,1,15.266336584716047,0,-0.584969389631036,-1,0,True
2008-04-28 11:40:35,40.062041,116.294134,676,1,14.981108941124031,0,-0.285227643592016,-1,0,True
2008-04-28 11:40:36,40.062164,116.294013,677,1,14.756674472923082,0,-0.2244344682009487,-1,0,True
2008-04-28 11:40:37,40.062283,116.293894,678,1,14.47323914165713,0,-0.28343533126595233,-1,0,True
2008-04-28 11:40:38,40.062401,116.29378,679,1,13.946077828597796,0,-0.5271613130593344,-1,0,True
2008-04-28 11:40:39,40.062518,116.293669,680,1,13.622615532206698,0,-0.3234622963910976,-1,0,True
2008-04-28 11:40:40,40.062634,116.293561,681,1,13.299837412751256,0,-0.32277811945544244,-1,0,True
2008-04-28 11:40:41,40.062749,116.293456,682,1,12.977794490354949,0,-0.3220429223963066,-1,0,True
2008-04-28 11:40:42,40.062861,116.293354,683,1,12.613141180812686,0,-0.3646533095422626,-1,0,True
2008-04-28 11:40:43,40.062973,116.293253,684,1,12.513226890473062,0,-0.0999142903396244,-1,0,True
2008-04-28 11:40:44,40.063083,116.293154,685,1,12.270166134472563,0,-0.24306075600049937,-1,0,True
2008-04-28 11:40:45,40.063187,116.293056,686,1,12.041811739911571,0,-0.22835439456099138,-1,0,True
2008-04-28 11:40:46,40.063289,116.292959,687,1,11.899329774094126,0,-0.14248196581744565,-1,0,True
2008-04-28 11:40:47,40.06339,116.292864,688,1,11.677022224006281,0,-0.22230755008784442,-1,0,True
2008-04-28 11:40:48,40.063494,116.292768,689,1,11.840893104421834,0,0.1638708804155531,1,1,True
2008-04-28 11:40:49,40.063597,116.292671,690,1,11.920190010153162,0,0.07929690573132753,1,0,True
2008-04-28 11:41:59,40.070333,116.303491,691,70,17.8304414568782,0,0.08443216352464343,1,0,True
2008-04-28 11:42:00,40.0704,116.303783,692,1,32.63833379083302,0,14.807892333954822,1,0,True
2008-04-28 11:42:01,40.070301,116.303943,693,1,18.448968949846524,0,-14.1893648409865,-1,1,False
2008-04-28 11:42:02,40.070202,116.304122,694,1,20.494221007469967,0,2.0452520576234434,1,1,True
2008-04-28 11:42:03,40.070132,116.304339,695,1,24.376084554545717,0,3.881863547075749,1,0,True
2008-04-28 11:42:04,40.070052,116.304539,696,1,22.587048119589756,0,-1.7890364349559604,-1,1,True
2008-04-28 11:42:05,40.069971,116.30472,697,1,20.519493782635728,0,-2.0675543369540286,-1,0,True
2008-04-28 11:42:06,40.069889,116.3049,698,1,20.42012703640193,0,-0.09936674623379815,-1,0,True
2008-04-28 11:42:07,40.069805,116.305076,699,1,20.00447641832096,0,-0.4156506180809707,-1,0,True
2008-04-28 11:42:08,40.069742,116.305266,700,1,21.355215338914206,0,1.3507389205932476,1,1,False
2008-04-28 11:42:09,40.06968,116.305453,701,1,21.01799297813428,0,-0.3372223607799256,-1,1,True
2008-04-28 11:42:10,40.06963,116.305639,702,1,20.82978089673999,0,-0.18821208139429046,-1,0,True
2008-04-28 11:42:11,40.069584,116.305825,703,1,20.807385480425346,0,-0.02239541631464448,-1,0,True
2008-04-28 11:42:12,40.069567,116.306019,704,1,21.589406909511396,0,0.7820214290860505,1,1,True
2008-04-28 11:42:13,40.069549,116.306217,705,1,22.035814799535032,0,0.4464078900236359,1,0,True
2008-04-28 11:42:14,40.069537,116.306421,706,1,22.69287083361743,0,0.6570560340823981,1,0,True
2008-04-28 11:42:15,40.069525,116.306627,707,1,22.915199719869033,0,0.22232888625160285,1,0,True
2008-04-28 11:42:16,40.069519,116.306839,708,1,23.576632502797757,0,0.6614327829287241,1,0,True
2008-04-28 11:42:17,40.069516,116.307049,709,1,23.35284263709253,0,-0.2237898657052284,-1,1,True
2008-04-28 11:42:18,40.069514,116.307252,710,1,22.57417731293904,0,-0.77866532415349,-1,0,True
2008-04-28 11:42:19,40.069515,116.307452,711,1,22.24041137985168,0,-0.3337659330873599,-1,0,True
2008-04-28 11:42:20,40.069519,116.307652,712,1,22.241230437439064,0,0.00081905758738543,1,1,False
2008-04-28 11:42:21,40.069526,116.307847,713,1,21.687091961754856,0,-0.5541384756842085,-1,1,False
2008-04-28 11:42:22,40.069539,116.308044,714,1,21.91611841529143,0,0.22902645353657292,1,1,False
2008-04-28 11:42:23,40.069553,116.30824,715,1,21.806468312971553,0,-0.10965010231987549,-1,1,True
2008-04-28 11:42:24,40.069564,116.308436,716,1,21.802290987634507,0,-0.004177325337046511,-1,0,True
2008-04-28 11:42:25,40.069577,116.30863,717,1,21.582658243737598,0,-0.21963274389690923,-1,0,True
2008-04-28 11:42:26,40.069589,116.308824,718,1,21.581251495883325,0,-0.0014067478542720835,-1,0,True
2008-04-28 11:42:27,40.069594,116.30902,719,1,21.79694271344143,0,0.21569121755810627,1,1,True
2008-04-28 11:42:28,40.069604,116.309218,720,1,22.02346875874815,0,0.22652604530671994,1,0,True
2008-04-28 11:42:29,40.069611,116.309414,721,1,21.79828004832754,0,-0.2251887104206105,-1,1,True
2008-04-28 11:42:30,40.069617,116.309608,722,1,21.575172828289617,0,-0.2231072200379245,-1,0,True
2008-04-28 11:42:31,40.069618,116.309805,723,1,21.906806870400004,0,0.3316340421103874,1,1,True
2008-04-28 11:42:32,40.069617,116.310002,724,1,21.90680687400058,0,3.6005758374813013e-09,1,0,True
2008-04-28 11:42:33,40.069624,116.310191,725,1,21.019968830479872,0,-0.8868380435207079,-1,1,True
2008-04-28 11:42:34,40.069631,116.310378,726,1,20.79759557999137,0,-0.2223732504885021,-1,0,True
2008-04-28 11:42:35,40.069635,116.310564,727,1,20.684471411352114,0,-0.11312416863925634,-1,0,True
2008-04-28 11:42:36,40.069645,116.310743,728,1,19.91122080799331,0,-0.7732506033588038,-1,0,True
2008-04-28 11:42:37,40.069629,116.310936,729,1,21.476428580953844,0,1.5652077729605338,1,1,False
2008-04-28 11:42:38,40.06962,116.31112,730,1,20.46593644204092,0,-1.010492138912923,-1,1,True
2008-04-28 11:42:39,40.069622,116.311281,731,1,17.90375860215941,0,-2.5621778398815103,-1,0,True
2008-04-28 11:42:40,40.069626,116.311439,732,1,17.5709880375177,0,-0.3327705646417094,-1,0,True
2008-04-28 11:42:41,40.069624,116.311593,733,1,17.125358454998505,0,-0.4456295825191958,-1,0,True
2008-04-28 11:42:42,40.069618,116.311745,734,1,16.905258247169904,0,-0.22010020782860096,-1,0,True
2008-04-28 11:42:43,40.069623,116.311887,735,1,15.792576477197468,0,-1.1126817699724363,-1,0,True
2008-04-28 11:42:44,40.069622,116.31202,736,1,14.789919394790394,0,-1.0026570824070742,-1,0,True
2008-04-28 11:42:45,40.069616,116.312144,737,1,13.79219245090348,0,-0.9977269438869136,-1,0,True
2008-04-28 11:42:46,40.069613,116.312267,738,1,13.678618750415191,0,-0.11357370048828841,-1,0,True
2008-04-28 11:42:48,40.069621,116.312519,739,2,14.01281196145292,0,0.1670966055188643,1,1,False
2008-04-28 11:42:50,40.069625,116.312739,740,2,12.23259349032215,0,-0.8901092355653848,-1,1,True
2008-04-28 11:42:52,40.069617,116.312925,741,2,10.343645305208627,0,-0.9444740925567618,-1,0,True
2008-04-28 11:42:54,40.06962,116.313086,742,2,8.952048958010561,0,-0.6957981735990328,-1,0,True
2008-04-28 11:42:56,40.069628,116.313196,743,2,6.119275546607595,0,-1.4163867057014832,-1,0,True
2008-04-28 11:42:58,40.069644,116.313281,744,2,4.742499544205209,0,-0.6883880012011927,-1,0,True
2008-04-28 11:43:00,40.06963,116.313373,745,2,5.1269067758975675,0,0.19220361584617907,1,1,False
2008-04-28 11:43:02,40.069611,116.313437,746,2,3.5891380351690874,0,-0.7688843703642401,-1,1,True
2008-04-28 11:43:04,40.069586,116.313451,747,2,0.9927703215695581,0,-1.2981838567997646,-1,0,True
2008-04-28 11:43:06,40.069558,116.313487,748,2,2.1172591048598797,0,0.5622443916451607,1,1,False
2008-04-28 11:43:08,40.069543,116.313504,749,2,1.014944476236499,1,-0.5511573143116903,-1,1,True
2008-04-28 11:43:10,40.069543,116.313508,750,2,0.2224035682122223,1,-0.39627045401213834,-1,0,True
2008-04-28 11:43:12,40.069545,116.313513,751,2,0.2823408567085857,1,0.029968644248181714,1,1,True
2008-04-28 11:43:14,40.069542,116.313519,752,2,0.34170127588148014,1,0.02968020958644721,1,0,True
2008-04-28 11:43:16,40.069537,116.313523,753,2,0.2542638515272748,1,-0.04371871217710266,-1,1,False
2008-04-28 11:43:18,40.069536,116.313537,754,2,0.7788025873533765,0,0.26226936791305083,1,1,True
2008-04-28 11:43:20,40.069536,116.313555,755,2,1.0008160548329001,0,0.11100673373976183,1,0,True
2008-04-28 11:43:22,40.069534,116.313567,756,2,0.6690291568347212,1,-0.16589344899908948,-1,1,True
2008-04-28 11:43:24,40.06953,116.313571,757,2,0.2432753690857726,1,-0.21287689387447428,-1,0,True
2008-04-28 11:43:26,40.069525,116.313571,758,2,0.123234786485425,1,-0.0600202913001738,-1,0,True
2008-04-28 11:43:28,40.069522,116.313567,759,2,0.23437277639752263,1,0.05556899495604881,1,1,True
2008-04-28 11:43:30,40.069531,116.313562,760,2,0.35565675871687824,1,0.060641991159677805,1,0,True
2008-04-28 11:43:32,40.069541,116.313554,761,2,0.5085278590464245,1,0.07643555016477313,1,0,True
2008-04-28 11:43:34,40.069546,116.31355,762,2,0.2542639156377579,1,-0.1271319717043333,-1,1,True
2008-04-28 11:43:36,40.06955,116.313548,763,2,0.14861151336279677,1,-0.05282620113748057,-1,0,True
2008-04-28 11:43:38,40.069553,116.313545,764,2,0.1824565030513664,1,0.01692249484428482,1,1,False
2008-04-28 11:43:40,40.069555,116.313546,765,2,0.07430575221666888,1,-0.05407537541734876,-1,1,False
2008-04-28 11:43:42,40.069558,116.313547,766,2,0.092513254421249,1,0.009103751102290059,1,1,False
2008-04-28 11:43:44,40.06956,116.313548,767,2,0.07430575442090949,1,-0.009103750000169754,-1,1,False
2008-04-28 11:43:46,40.069565,116.313551,768,2,0.20738833729134412,1,0.06654129143521731,1,1,True
2008-04-28 11:43:48,40.069573,116.313559,769,2,0.486550700110342,0,0.13958118140949893,1,0,True
2008-04-28 11:43:50,40.06958,116.313568,770,2,0.5293149644514148,0,0.02138213217053639,1,0,True
2008-04-28 11:43:52,40.069587,116.313578,771,2,0.5821615547341558,0,0.026423295141370484,1,0,True
2008-04-28 11:43:54,40.069592,116.313588,772,2,0.5695021886620399,0,-0.006329683036057909,-1,1,True
2008-04-28 11:43:56,40.069595,116.313597,773,2,0.5058413342625767,0,-0.031830427199731615,-1,0,True
2008-04-28 11:43:58,40.069603,116.313605,774,2,0.4865508297722096,0,-0.009645252245183561,-1,0,True
2008-04-28 11:44:00,40.069662,116.313488,775,2,6.66585275196239,0,3.0896509610950904,1,1,False
2008-04-28 11:44:02,40.0697,116.313419,776,2,3.9491290434504056,0,-1.3583618542559923,-1,1,True
2008-04-28 11:44:04,40.069723,116.313397,777,2,1.348189713677066,0,-1.3004696648866698,-1,0,True
2008-04-28 11:44:06,40.069818,116.31336,778,2,3.1168208945697966,0,0.8843155904463653,1,1,False
2008-04-28 11:44:08,40.069888,116.313336,779,2,2.181111851562774,0,-0.46785452150351126,-1,1,True
2008-04-28 11:44:10,40.069942,116.313328,780,2,1.4032866164883335,0,-0.3889126175372203,-1,0,True
2008-04-28 11:44:12,40.069962,116.313346,781,2,1.1156243830493435,0,-0.143831116719495,-1,0,True
2008-04-28 11:44:14,40.069958,116.313383,782,2,2.0595939017963056,0,0.47198475937348106,1,1,False
2008-04-28 11:44:16,40.06997,116.313417,783,2,1.9134267175311461,0,-0.07308359213257976,-1,1,True
2008-04-28 11:44:18,40.069985,116.31344,784,2,1.3311881351857227,0,-0.29111929117271174,-1,0,True
2008-04-28 11:44:20,40.069993,116.31348,785,2,2.232758971729308,0,0.45078541827179275,1,1,True
2008-04-28 11:44:22,40.069961,116.313521,786,2,2.4122171624098487,0,0.08972909534027029,1,0,True
2008-04-28 11:44:24,40.06995,116.313556,787,2,1.9648260766001129,0,-0.22369554290486793,-1,1,False
2008-04-28 11:44:26,40.069939,116.313592,788,2,2.019909723484879,0,0.027541823442382984,1,1,True
2008-04-28 11:44:28,40.06994,116.313638,789,2,2.557759782091061,0,0.26892502930309115,1,0,True
2008-04-28 11:44:30,40.069935,116.313671,790,2,1.8389632843796657,0,-0.3593982488556977,-1,1,True
2008-04-28 11:44:32,40.069935,116.313704,791,2,1.8348294331529502,0,-0.0020669256133577507,-1,0,True
2008-04-28 11:44:34,40.06993,116.313738,792,2,1.8944428711014443,0,0.029806718974247026,1,1,False
2008-04-28 11:44:36,40.06992,116.313769,793,2,1.7411606209486956,0,-0.07664112507637433,-1,1,True
2008-04-28 11:44:38,40.069917,116.313795,794,2,1.447512951622778,0,-0.14682383466295879,-1,0,True
2008-04-28 11:44:40,40.069926,116.313836,795,2,2.2904036787194086,0,0.4214453635483153,1,1,False
2008-04-28 11:44:42,40.069942,116.31387,796,2,1.9311247694557134,0,-0.1796394546318476,-1,1,True
2008-04-28 11:44:44,40.069953,116.313901,797,2,1.744820358869608,0,-0.09315220529305268,-1,0,True
2008-04-28 11:44:46,40.069972,116.313933,798,2,1.839825300895397,0,0.04750247101289451,1,1,True
2008-04-28 11:44:48,40.06999,116.313967,799,2,1.9417912285667098,0,0.05098296383565637,1,0,True
2008-04-28 11:44:50,40.069999,116.314006,800,2,2.1797513922083165,0,0.11898008182080333,1,0,True
2008-04-28 11:44:52,40.070007,116.314043,801,2,2.0666608591406734,0,-0.056545266533821525,-1,1,False
2008-04-28 11:44:54,40.070013,116.314084,802,2,2.284428300431961,0,0.10888372064564389,1,1,False
2008-04-28 11:44:56,40.070011,116.31412,803,2,2.0022390190016957,0,-0.14109464071513278,-1,1,True
2008-04-28 11:44:58,40.070008,116.31415,804,2,1.6696648573172326,0,-0.16628708084223154,-1,0,True
2008-04-28 11:45:00,40.070005,116.314189,805,2,2.1696951180800133,0,0.25001513038139034,1,1,False
2008-04-28 11:45:02,40.070007,116.314228,806,2,2.168995025639676,0,-0.00035004622016865383,-1,1,True
2008-04-28 11:45:04,40.070007,116.314265,807,2,2.0572330013651725,0,-0.05588101213725172,-1,0,True
2008-04-28 11:45:06,40.070003,116.314296,808,2,1.726444995314813,0,-0.1653940030251797,-1,0,True
2008-04-28 11:45:08,40.070001,116.314331,809,2,1.9466554699445164,0,0.11010523731485167,1,1,True
2008-04-28 11:45:10,40.069999,116.314369,810,2,2.113408878869858,0,0.08337670446267076,1,0,True
2008-04-28 11:45:12,40.070001,116.3144,811,2,1.7243324242781808,0,-0.19453822729583858,-1,1,False
2008-04-28 11:45:14,40.070004,116.314443,812,2,2.3919815239302857,0,0.3338245498260525,1,1,True
2008-04-28 11:45:16,40.070009,116.314487,813,2,2.4495413358030635,0,0.028779905936388905,1,0,True
2008-04-28 11:45:18,40.070022,116.314525,814,2,2.1369924413945696,0,-0.156274447204247,-1,1,False
2008-04-28 11:45:20,40.070036,116.314563,815,2,2.1408269075585857,0,0.0019172330820080852,1,1,False
2008-04-28 11:45:22,40.07005,116.314597,816,2,1.9216659203611404,0,-0.10958049359872268,-1,1,True
2008-04-28 11:45:24,40.070075,116.314618,817,2,1.3202392177350613,0,-0.30071335131303956,-1,0,True
2008-04-28 11:45:26,40.070097,116.314635,818,2,1.0897111107806756,0,-0.11526405347719282,-1,0,True
2008-04-28 11:45:28,40.07011,116.314671,819,2,2.027116621370229,0,0.4687027552947767,1,1,True
2008-04-28 11:45:30,40.070118,116.314711,820,2,2.2327597296668595,0,0.10282155414831529,1,0,True
2008-04-28 11:45:32,40.070133,116.314736,821,2,1.4383512860565326,0,-0.39720422180516346,-1,1,True
2008-04-28 11:45:34,40.070158,116.314759,822,2,1.41953645755469,0,-0.009407414250921287,-1,0,True
2008-04-28 11:45:36,40.070185,116.31478,823,2,1.3439562575907307,0,-0.037790099981979686,-1,0,True
2008-04-28 11:45:38,40.070212,116.314793,824,2,0.9825182203300464,0,-0.18071901863034212,-1,0,True
2008-04-28 11:45:40,40.070232,116.314799,825,2,0.5952331842387296,0,-0.1936425180456584,-1,0,True
2008-04-28 11:45:42,40.070254,116.3148,826,2,0.5450996674497416,0,-0.025066758394494015,-1,0,True
2008-04-28 11:45:44,40.07028,116.314795,827,2,0.6985509610141077,0,0.07672564678218308,1,1,True
2008-04-28 11:45:46,40.07031,116.314785,828,2,0.9251584818874637,0,0.113303760436678,1,0,True
2008-04-28 11:45:48,40.070339,116.314777,829,2,0.8418915591783859,0,-0.041633461354538936,-1,1,False
2008-04-28 11:45:50,40.070375,116.314772,830,2,0.9298589824472406,0,0.04398371163442738,1,1,False
2008-04-28 11:45:52,40.070401,116.314761,831,2,0.8858626464362079,0,-0.02199816800551635,-1,1,True
2008-04-28 11:45:54,40.070432,116.314754,832,2,0.8575030440032806,0,-0.014179801216463672,-1,0,True
2008-04-28 11:45:56,40.070461,116.31475,833,2,0.7485922202750946,0,-0.05445541186409297,-1,0,True
2008-04-28 11:45:58,40.07049,116.314735,834,2,1.0984101877220462,0,0.1749089837234758,1,1,True
2008-04-28 11:46:00,40.070516,116.314713,835,2,1.3809239953917862,0,0.14125690383487,1,0,True
2008-04-28 11:46:02,40.070542,116.31468,836,2,1.9435233705456132,0,0.2812996875769135,1,0,True
2008-04-28 11:46:04,40.070568,116.314664,837,2,1.0964017873272573,0,-0.4235607916091779,-1,1,False
2008-04-28 11:46:06,40.070586,116.314637,838,2,1.56541043562941,0,0.23450432415107636,1,1,False
2008-04-28 11:46:08,40.070624,116.314624,839,2,1.183094460807085,0,-0.19115798741116252,-1,1,True
2008-04-28 11:46:10,40.070657,116.314611,840,2,1.0881374117011853,0,-0.047478524552949875,-1,0,True
2008-04-28 11:46:12,40.070737,116.314624,841,2,2.1001351916373485,0,0.5059988899680816,1,1,False
2008-04-28 11:46:14,40.070756,116.314612,842,2,0.8151588212850095,0,-0.6424881851761695,-1,1,True
2008-04-28 11:46:16,40.070771,116.314602,843,2,0.6677104370067748,0,-0.07372419213911735,-1,0,True
2008-04-28 11:46:18,40.070782,116.314596,844,2,0.4298860749561061,1,-0.11891218102533435,-1,0,True
2008-04-28 11:46:20,40.070789,116.314591,845,2,0.3271922676456863,1,-0.051346903655209886,-1,0,True
2008-04-28 11:46:22,40.070802,116.314585,846,2,0.4625610811277904,1,0.06768440674105203,1,1,False
2008-04-28 11:46:24,40.070815,116.314586,847,2,0.32521018479128394,1,-0.06867544816825322,-1,1,False
2008-04-28 11:46:26,40.070819,116.314566,848,2,1.116379828777676,0,0.39558482199319606,1,1,True
2008-04-28 11:46:28,40.070937,116.314512,849,2,4.1801579032231855,0,1.5318890372227547,1,0,True
2008-04-28 11:46:30,40.070974,116.314509,850,2,0.9270966195036923,0,-1.6265306418597465,-1,1,True
2008-04-28 11:46:32,40.070995,116.314504,851,2,0.5875368453132099,0,-0.16977988709524117,-1,0,True
2008-04-28 11:46:34,40.071002,116.314489,852,2,0.851672715827063,0,0.13206793525692656,1,1,False
2008-04-28 11:46:36,40.071023,116.314479,853,2,0.7596437047409113,0,-0.0460145055430759,-1,1,False
2008-04-28 11:46:38,40.071044,116.314464,854,2,0.9815756316208764,0,0.11096596343998255,1,1,True
2008-04-28 11:46:40,40.071064,116.314443,855,2,1.2674137591506314,0,0.1429190637648775,1,0,True
2008-04-28 11:46:42,40.071086,116.314425,856,2,1.1382738591716934,0,-0.06456994998946897,-1,1,False
2008-04-28 11:46:44,40.071122,116.314407,857,2,1.337521625888125,0,0.09962388335821581,1,1,False
2008-04-28 11:46:46,40.07115,116.31439,858,2,1.170349506334756,0,-0.08358605977668454,-1,1,False
2008-04-28 11:46:48,40.071201,116.314365,859,2,1.8741099025859547,0,0.35188019812559934,1,1,False
2008-04-28 11:46:50,40.071242,116.314349,860,2,1.3463400331915163,0,-0.2638849346972192,-1,1,True
2008-04-28 11:46:52,40.071277,116.31434,861,2,0.9972976702260944,0,-0.17452118148271095,-1,0,True
2008-04-28 11:46:54,40.071318,116.314338,862,2,1.016652582942966,0,0.00967745635843581,1,1,True
2008-04-28 11:46:56,40.071389,116.314365,863,2,2.3056693929857017,0,0.6445084050213679,1,0,True
2008-04-28 11:46:58,40.071431,116.314366,864,2,1.0366933263250653,0,-0.6344880333303182,-1,1,False
2008-04-28 11:47:00,40.071462,116.314328,865,2,2.2467487887201885,0,0.6050277311975616,1,1,False
2008-04-28 11:47:02,40.071492,116.314301,866,2,1.6734478450525951,0,-0.28665047183379666,-1,1,True
2008-04-28 11:47:04,40.071516,116.314273,867,2,1.6654206221500254,0,-0.004013611451284871,-1,0,True
2008-04-28 11:47:06,40.071505,116.314267,868,2,0.42988408942897544,0,-0.617768266360525,-1,0,True
2008-04-28 11:47:08,40.071501,116.314254,869,2,0.7295043762119593,0,0.14981014339149193,1,1,True
2008-04-28 11:47:10,40.071497,116.314232,870,2,1.2271863213567438,0,0.24884097257239224,1,0,True
2008-04-28 11:47:12,40.071487,116.3142,871,2,1.7962194253371224,0,0.2845165519901893,1,0,True
2008-04-28 11:47:14,40.071475,116.31417,872,2,1.6940463681290858,0,-0.0510865286040183,-1,1,True
2008-04-28 11:47:16,40.071472,116.314162,873,2,0.4509111562128257,0,-0.6215676059581301,-1,0,True
2008-04-28 11:47:18,40.07147,116.314133,874,2,1.6131792099455116,0,0.581134026866343,1,1,True
2008-04-28 11:47:20,40.071466,116.314102,875,2,1.7264449629183602,0,0.056632876486424344,1,0,True
2008-04-28 11:47:22,40.071473,116.31407,876,2,1.7875741781820673,0,0.030564607631853535,1,0,True
2008-04-28 11:47:24,40.07149,116.314045,877,2,1.45180149194039,0,-0.1678863431208386,-1,1,False
2008-04-28 11:47:26,40.071511,116.314015,878,2,1.746487138387317,0,0.14734282322346348,1,1,True
2008-04-28 11:47:28,40.071526,116.313965,879,2,2.8045201574074663,0,0.5290165095100746,1,0,True
2008-04-28 11:47:30,40.071545,116.313901,880,2,3.5891391723972776,0,0.3923095074949057,1,0,True
2008-04-28 11:47:32,40.071559,116.313852,881,2,2.746208419922635,0,-0.4214653762373213,-1,1,True
2008-04-28 11:47:34,40.071568,116.313816,882,2,2.0138861161364447,0,-0.36616115189309517,-1,0,True
2008-04-28 11:47:36,40.071562,116.313796,883,2,1.1218079360862545,0,-0.4460390900250951,-1,0,True
2008-04-28 11:47:38,40.071572,116.313772,884,2,1.3569925046340467,0,0.11759228427389612,1,1,True
2008-04-28 11:47:40,40.071571,116.313744,885,2,1.5570200648181003,0,0.10001378009202677,1,0,True
2008-04-28 11:47:42,40.07157,116.313711,886,2,1.834994966743596,0,0.1389874509627479,1,0,True
2008-04-28 11:47:44,40.071583,116.313676,887,2,1.9722325541649979,0,0.0686187937107009,1,0,True
2008-04-28 11:47:46,40.071602,116.313644,888,2,1.8398242184277795,0,-0.06620416786860917,-1,1,True
2008-04-28 11:47:48,40.071611,116.313615,889,2,1.6276125615364607,0,-0.10610582844565941,-1,0,True
2008-04-28 11:47:50,40.071612,116.313582,890,2,1.8349949666552126,0,0.10369120255937592,1,1,True
2008-04-28 11:47:52,40.071607,116.313549,891,2,1.8389632570279484,0,0.001984145186367914,1,0,True
2008-04-28 11:47:54,40.071607,116.31353,892,2,1.0564169465322724,0,-0.391273155247838,-1,1,False
2008-04-28 11:47:56,40.071616,116.313471,893,2,3.287943802602974,0,1.115763428035351,1,1,False
2008-04-28 11:47:58,40.071613,116.31344,894,2,1.7252128804774105,0,-0.7813654610627818,-1,1,True
2008-04-28 11:48:00,40.071607,116.313412,895,2,1.5638327238210992,0,-0.08069007832815567,-1,0,True
2008-04-28 11:48:02,40.071585,116.313347,896,2,3.654507871414928,0,1.0453375737969144,1,1,False
2008-04-28 11:48:04,40.071596,116.313326,897,2,1.1986811328037872,0,-1.2279133693055704,-1,1,False
2008-04-28 11:48:06,40.071632,116.313282,898,2,2.602370939513843,0,0.7018449033550278,1,1,False
2008-04-28 11:48:08,40.07165,116.313264,899,2,1.094737286764561,0,-0.7538168263746409,-1,1,False
2008-04-28 11:48:10,40.071689,116.313241,900,2,1.5997896163012888,0,0.25252616476836387,1,1,False
2008-04-28 11:48:12,40.07173,116.313227,901,2,1.275563793544907,0,-0.16211291137819095,-1,1,True
2008-04-28 11:48:14,40.071758,116.313218,902,2,0.852440567718166,0,-0.21156161291337044,-1,0,True
2008-04-28 11:48:16,40.071822,116.313235,903,2,1.8389068977573322,0,0.4932331650195831,1,1,True
2008-04-28 11:48:18,40.071824,116.313145,904,2,5.004323054032599,0,1.5827080781376335,1,0,True
2008-04-28 11:48:20,40.071871,116.313172,905,2,1.8961912979048703,0,-1.5540658780638643,-1,1,True
2008-04-28 11:48:22,40.071911,116.31316,906,2,1.1904193986379865,0,-0.3528859496334419,-1,0,True
2008-04-28 11:48:24,40.07192,116.313138,907,2,1.2431693582874364,0,0.02637497982472492,1,1,False
2008-04-28 11:48:26,40.071917,116.313117,908,2,1.1699575134077993,0,-0.03660592243981853,-1,1,False
2008-04-28 11:48:28,40.07192,116.31309,909,2,1.503043851448577,0,0.1665431690203889,1,1,False
2008-04-28 11:48:30,40.071934,116.313075,910,2,0.902573443384315,0,-0.30023520403213105,-1,1,False
2008-04-28 11:48:32,40.071947,116.313058,911,2,0.9980435385412149,0,0.04773504757844993,1,1,True
2008-04-28 11:48:34,40.07197,116.313041,912,2,1.102167331968851,0,0.05206189671381806,1,0,True
2008-04-28 11:48:36,40.071975,116.313023,913,2,1.0083744396100083,0,-0.04689644617942135,-1,1,False
2008-04-28 11:48:38,40.071981,116.313004,914,2,1.066716885826247,0,0.02917122310811937,1,1,True
2008-04-28 11:48:40,40.071973,116.312975,915,2,1.6244364633768262,0,0.2788597887752896,1,0,True
2008-04-28 11:48:42,40.071975,116.312946,916,2,1.6131791468387084,0,-0.005628658269058895,-1,1,False
2008-04-28 11:48:44,40.071965,116.312915,917,2,1.7411596075875078,0,0.06399023037439966,1,1,True
2008-04-28 11:48:46,40.071946,116.312863,918,2,2.928923463277133,0,0.5938819278448125,1,0,True
2008-04-28 11:48:48,40.071929,116.312827,919,2,2.045013854589118,0,-0.44195480434400736,-1,1,True
2008-04-28 11:48:50,40.071943,116.312819,920,2,0.562949120225202,1,-0.7410323671819581,-1,0,True
2008-04-28 11:48:52,40.071946,116.312816,921,2,0.18245573210812002,1,-0.190246694058541,-1,0,True
2008-04-28 11:48:54,40.071948,116.312816,922,2,0.049292601218756095,1,-0.06658156544468197,-1,0,True
2008-04-28 11:48:56,40.071949,116.312815,923,2,0.060818577915361875,1,0.00576298834830289,1,1,True
2008-04-28 11:48:58,40.071952,116.312814,924,2,0.09251172696009509,1,0.015846574522366607,1,0,True
2008-04-28 11:49:00,40.071954,116.312814,925,2,0.04929259758249452,1,-0.021609564688800285,-1,1,False
2008-04-28 11:49:04,40.071948,116.312814,926,4,0.07393889645213064,1,0.006161574717409031,1,1,True
2008-04-28 11:49:06,40.071941,116.312811,927,2,0.23997435681467122,1,0.08301773018127029,1,0,True
2008-04-28 11:49:08,40.071936,116.312809,928,2,0.16598745078628416,1,-0.03699345301419353,-1,1,True
2008-04-28 11:49:10,40.071931,116.312809,929,2,0.12323147244462852,1,-0.021377989170827817,-1,0,True
2008-04-28 11:49:12,40.071926,116.312804,930,2,0.30409286750122416,1,0.09043069752829783,1,1,True
2008-04-28 11:49:16,40.071914,116.31278,931,4,0.6834017347889453,0,0.09482721682193028,1,0,True
2008-04-28 11:49:18,40.071899,116.312775,932,2,0.46255825342076745,0,-0.11042174068408891,-1,1,False
2008-04-28 11:49:20,40.071888,116.312764,933,2,0.6690041662105825,0,0.1032229563949075,1,1,True
2008-04-28 11:49:22,40.071877,116.312746,934,2,1.0368860679386893,1,0.18394095086405343,1,0,True
2008-04-28 11:49:24,40.071877,116.312743,935,2,0.16680267509811664,1,-0.43504169642028634,-1,1,False
2008-04-28 11:49:26,40.071937,116.312767,936,2,1.9918472698829095,0,0.9125222973923964,1,1,False
2008-04-28 11:49:28,40.07195,116.312773,937,2,0.46254684133676305,0,-0.7646502142730732,-1,1,True
2008-04-28 11:49:30,40.071962,116.312779,938,2,0.4458291854777657,0,-0.008358827929498686,-1,0,True
2008-04-28 11:49:32,40.071974,116.312786,939,2,0.48882785505048615,1,0.021499334786360236,1,1,False
2008-04-28 11:49:34,40.071977,116.312783,940,2,0.18245569850309434,1,-0.1531860782736959,-1,1,True
2008-04-28 11:49:36,40.071977,116.312782,941,2,0.05560089169937221,1,-0.06342740340186107,-1,0,True
2008-04-28 11:49:50,40.071802,116.312531,942,14,2.0867300105667126,0,0.14508065134766718,1,1,False
2008-04-28 11:49:52,40.071791,116.312516,943,2,0.8769703848716078,0,-0.6048798128475523,-1,1,True
2008-04-28 11:49:54,40.071786,116.312508,944,2,0.46156155033587354,1,-0.20770441726786715,-1,0,True
2008-04-28 11:49:56,40.071781,116.312505,945,2,0.2073856405759361,1,-0.1270879548799687,-1,0,True
2008-04-28 11:49:58,40.071778,116.312502,946,2,0.1824554013390084,1,-0.012465119618463846,-1,0,True
2008-04-28 11:50:00,40.071783,116.312496,947,2,0.3556377287087022,1,0.0865911636848469,1,1,True
2008-04-28 11:50:01,40.071834,116.312432,948,1,7.5478551511893555,0,7.192217422480653,1,0,True
2008-04-28 11:50:02,40.071862,116.312403,949,1,3.5077838254348612,1,-4.040071325754495,-1,1,True
2008-04-28 11:50:04,40.071861,116.312409,950,2,0.33451450369896646,1,-1.5866346608679474,-1,0,True
2008-04-28 11:50:06,40.071859,116.31241,951,2,0.07430444093180445,1,-0.130105031383581,-1,0,True
2008-04-28 11:50:08,40.071856,116.31241,952,2,0.07393784248024866,1,-0.00018329922577789426,-1,0,True
2008-04-28 11:50:10,40.071854,116.31241,953,2,0.0,1,-0.03696892124012433,-1,0,False
