date,latitude,longtitude,id,speed,stop_flag,acceleration,flag,flagChange,indicator
2008-04-28 11:27:04,39.975496,116.333695,0,0.0,1,0.0,-1,0,true
2008-04-28 11:27:06,39.975457,116.33375,1,0.003205,0,0.0016025,1,1,true
2008-04-28 11:27:07,39.975394,116.333741,2,0.00326,0,5.499999999999993E-5,1,0,true
2008-04-28 11:27:08,39.975334,116.333745,3,0.00299,0,-2.6999999999999984E-4,-1,1,false
2008-04-28 11:27:10,39.975359,116.333651,4,0.005265,0,0.0011374999999999998,1,1,true
2008-04-28 11:27:12,39.975317,116.333745,5,0.00533,0,3.249999999999998E-5,1,0,true
2008-04-28 11:27:14,39.975368,116.333714,6,0.002135,0,-0.0015974999999999997,-1,1,true
2008-04-28 11:27:16,39.975394,116.333718,7,6.8E-4,0,-7.275000000000001E-4,-1,0,true
2008-04-28 11:27:18,39.975432,116.333735,8,0.00133,0,3.25E-4,1,1,false
2008-04-28 11:27:20,39.975422,116.333749,9,8.15E-4,0,-2.575E-4,-1,1,false
2008-04-28 11:27:22,39.975414,116.333778,10,0.001625,0,4.05E-4,1,1,true
2008-04-28 11:27:24,39.975396,116.333809,11,0.00178,0,7.749999999999999E-5,1,0,true
2008-04-28 11:27:26,39.975382,116.333833,12,0.00138,0,-1.9999999999999998E-4,-1,1,true
2008-04-28 11:27:28,39.97537,116.33385,13,9.9E-4,0,-1.9499999999999997E-4,-1,0,true
2008-04-28 11:27:30,39.975369,116.333876,14,0.001445,0,2.2750000000000005E-4,1,1,false
2008-04-28 11:27:32,39.97538,116.333901,15,0.001415,0,-1.500000000000004E-5,-1,1,true
2008-04-28 11:27:34,39.975379,116.33392,16,0.001055,0,-1.8000000000000004E-4,-1,0,true
2008-04-28 11:27:36,39.975384,116.333938,17,0.00101,0,-2.249999999999995E-5,-1,0,true
2008-04-28 11:27:38,39.975408,116.33394,18,6.0E-4,1,-2.0500000000000005E-4,-1,0,true
2008-04-28 11:27:40,39.975421,116.333942,19,3.4E-4,1,-1.2999999999999996E-4,-1,0,true
2008-04-28 11:27:42,39.97543,116.333947,20,3.55E-4,1,7.4999999999999926E-6,1,1,false
2008-04-28 11:27:44,39.975438,116.333951,21,2.95E-4,1,-2.9999999999999997E-5,-1,1,false
2008-04-28 11:27:46,39.975447,116.333955,22,3.15E-4,1,9.999999999999999E-6,1,1,true
2008-04-28 11:27:48,39.975455,116.333962,23,4.35E-4,1,5.9999999999999995E-5,1,0,true
2008-04-28 11:27:50,39.975464,116.333969,24,4.5E-4,1,7.4999999999999926E-6,1,0,true
2008-04-28 11:27:52,39.975473,116.333974,25,3.55E-4,1,-4.749999999999999E-5,-1,1,false
2008-04-28 11:27:54,39.975486,116.333981,26,5.05E-4,0,7.500000000000001E-5,1,1,true
2008-04-28 11:27:56,39.975499,116.333989,27,5.5E-4,0,2.2500000000000005E-5,1,0,true
2008-04-28 11:27:58,39.975513,116.333995,28,4.8E-4,0,-3.500000000000001E-5,-1,1,false
2008-04-28 11:28:00,39.975609,116.334004,29,0.00242,0,9.699999999999999E-4,1,1,true
2008-04-28 11:28:02,39.975724,116.334025,30,0.003065,0,3.225000000000001E-4,1,0,true
2008-04-28 11:28:04,39.97585,116.334066,31,0.003855,0,3.9499999999999995E-4,1,0,true
2008-04-28 11:28:06,39.976138,116.334076,32,0.007125,0,0.0016350000000000002,1,0,true
2008-04-28 11:28:07,39.976288,116.33409,33,0.00756,0,4.349999999999996E-4,1,0,true
2008-04-28 11:28:08,39.976522,116.334134,34,0.01254,0,0.004980000000000001,1,0,true
2008-04-28 11:28:10,39.976881,116.334225,35,0.0102,0,-0.00117,-1,1,true
2008-04-28 11:28:11,39.976985,116.334247,36,0.00568,0,-0.004520000000000001,-1,0,true
2008-04-28 11:28:12,39.977103,116.334258,37,0.00595,0,2.700000000000003E-4,1,1,true
2008-04-28 11:28:15,39.978243,116.333814,38,0.02494333333333333,0,0.00633111111111111,1,0,true
2008-04-28 11:28:16,39.978447,116.333802,39,0.01015,0,-0.014793333333333332,-1,1,true
2008-04-28 11:28:17,39.978623,116.333793,40,0.00874,0,-0.0014099999999999998,-1,0,true
2008-04-28 11:28:18,39.978816,116.333773,41,0.00978,0,0.001040000000000001,1,1,false
2008-04-28 11:28:19,39.979004,116.333753,42,0.00954,0,-2.4000000000000063E-4,-1,1,true
2008-04-28 11:28:20,39.979175,116.33372,43,0.0092,0,-3.4E-4,-1,0,true
2008-04-28 11:28:21,39.979343,116.333669,44,0.01004,0,8.400000000000005E-4,1,1,true
2008-04-28 11:28:22,39.979514,116.333597,45,0.01163,0,0.0015899999999999994,1,0,true
2008-04-28 11:28:23,39.979684,116.333501,46,0.01358,0,0.0019500000000000003,1,0,true
2008-04-28 11:28:24,39.979849,116.33345,47,0.00992,0,-0.00366,-1,1,true
2008-04-28 11:28:25,39.980016,116.333403,48,0.00976,0,-1.6000000000000042E-4,-1,0,true
2008-04-28 11:28:26,39.980176,116.333343,49,0.01033,0,5.700000000000011E-4,1,1,false
2008-04-28 11:28:27,39.980342,116.333297,50,0.00965,0,-6.8E-4,-1,1,false
2008-04-28 11:28:28,39.980506,116.333247,51,0.00982,0,1.7E-4,1,1,false
2008-04-28 11:28:29,39.980665,116.333198,52,0.00955,0,-2.7000000000000114E-4,-1,1,false
2008-04-28 11:28:30,39.98082,116.333145,53,0.00965,0,1.0000000000000113E-4,1,1,true
2008-04-28 11:28:31,39.980981,116.333089,54,0.01009,0,4.399999999999994E-4,1,0,true
2008-04-28 11:28:32,39.98115,116.333044,55,0.00972,0,-3.7000000000000054E-4,-1,1,true
2008-04-28 11:28:33,39.981316,116.333002,56,0.00943,0,-2.900000000000003E-4,-1,0,true
2008-04-28 11:28:34,39.981487,116.332957,57,0.00981,0,3.8000000000000013E-4,1,1,false
2008-04-28 11:28:35,39.981654,116.33292,58,0.00921,0,-5.999999999999998E-4,-1,1,true
2008-04-28 11:28:36,39.981818,116.332886,59,0.00893,0,-2.79999999999999E-4,-1,0,true
2008-04-28 11:28:37,39.981983,116.332852,60,0.00897,0,4.0000000000000105E-5,1,1,true
2008-04-28 11:28:38,39.982152,116.332814,61,0.00935,0,3.8000000000000013E-4,1,0,true
2008-04-28 11:28:39,39.982326,116.332772,62,0.00977,0,4.199999999999985E-4,1,0,true
2008-04-28 11:28:40,39.982492,116.332739,63,0.00897,0,-7.999999999999986E-4,-1,1,false
2008-04-28 11:28:41,39.982663,116.332703,64,0.00934,0,3.699999999999988E-4,1,1,false
2008-04-28 11:28:42,39.982832,116.33267,65,0.00911,0,-2.299999999999993E-4,-1,1,true
2008-04-28 11:28:43,39.982996,116.332635,66,0.00898,0,-1.299999999999999E-4,-1,0,true
2008-04-28 11:28:44,39.983165,116.332595,67,0.00945,0,4.6999999999999993E-4,1,1,true
2008-04-28 11:28:45,39.983336,116.332552,68,0.0097,0,2.500000000000002E-4,1,0,true
2008-04-28 11:28:46,39.983508,116.332508,69,0.00979,0,8.99999999999998E-5,1,0,true
2008-04-28 11:28:47,39.983672,116.332461,70,0.00963,0,-1.6000000000000042E-4,-1,1,true
2008-04-28 11:28:48,39.983836,116.332422,71,0.00918,0,-4.49999999999999E-4,-1,0,true
2008-04-28 11:28:49,39.984003,116.332384,72,0.00926,0,7.999999999999848E-5,1,1,false
2008-04-28 11:28:50,39.984168,116.332345,73,0.00922,0,-3.999999999999837E-5,-1,1,true
2008-04-28 11:28:51,39.984334,116.332307,74,0.00921,0,-1.0000000000001327E-5,-1,0,true
2008-04-28 11:28:52,39.984499,116.332264,75,0.00944,0,2.3000000000000104E-4,1,1,false
2008-04-28 11:28:53,39.984657,116.332227,76,0.00881,0,-6.300000000000004E-4,-1,1,true
2008-04-28 11:28:54,39.984812,116.332194,77,0.00848,0,-3.3000000000000043E-4,-1,0,true
2008-04-28 11:28:55,39.984976,116.332171,78,0.00848,0,0.0,-1,0,true
2008-04-28 11:28:56,39.985142,116.33214,79,0.00888,0,4.0000000000000105E-4,1,1,false
2008-04-28 11:28:57,39.985299,116.332115,80,0.00823,0,-6.500000000000013E-4,-1,1,false
2008-04-28 11:28:58,39.985466,116.332083,81,0.00897,0,7.400000000000011E-4,1,1,true
2008-04-28 11:28:59,39.985641,116.332053,82,0.00925,0,2.79999999999999E-4,1,0,true
2008-04-28 11:29:00,39.985808,116.332029,83,0.00866,0,-5.900000000000002E-4,-1,1,false
2008-04-28 11:29:01,39.985974,116.332,84,0.0088,0,1.4000000000000123E-4,1,1,true
2008-04-28 11:29:02,39.986148,116.331967,85,0.00933,0,5.299999999999992E-4,1,0,true
2008-04-28 11:29:03,39.986318,116.33194,86,0.00891,0,-4.2000000000000023E-4,-1,1,true
2008-04-28 11:29:04,39.986488,116.331917,87,0.00877,0,-1.399999999999995E-4,-1,0,true
2008-04-28 11:29:05,39.986661,116.3319,88,0.00874,0,-3.0000000000000512E-5,-1,0,true
2008-04-28 11:29:06,39.986832,116.331874,89,0.00892,0,1.8000000000000134E-4,1,1,false
2008-04-28 11:29:07,39.987003,116.331857,90,0.00864,0,-2.8000000000000073E-4,-1,1,false
2008-04-28 11:29:08,39.987179,116.33184,91,0.00888,0,2.4000000000000063E-4,1,1,false
2008-04-28 11:29:09,39.987347,116.331835,92,0.00831,0,-5.700000000000011E-4,-1,1,true
2008-04-28 11:29:10,39.987514,116.331834,93,0.00824,0,-6.999999999999888E-5,-1,0,true
2008-04-28 11:29:11,39.987675,116.33183,94,0.00795,0,-2.900000000000003E-4,-1,0,true
2008-04-28 11:29:12,39.987835,116.331825,95,0.00791,0,-4.0000000000000105E-5,-1,0,true
2008-04-28 11:29:13,39.987999,116.33182,96,0.00811,0,1.999999999999988E-4,1,1,true
2008-04-28 11:29:14,39.988169,116.331817,97,0.00839,0,2.8000000000000073E-4,1,0,true
2008-04-28 11:29:15,39.988328,116.33182,98,0.00785,0,-5.400000000000005E-4,-1,1,true
2008-04-28 11:29:16,39.988485,116.331813,99,0.00778,0,-6.999999999999975E-5,-1,0,true
2008-04-28 11:29:17,39.988647,116.331814,100,0.00799,0,2.1000000000000098E-4,1,1,false
2008-04-28 11:29:18,39.988803,116.331817,101,0.0077,0,-2.900000000000003E-4,-1,1,true
2008-04-28 11:29:19,39.988953,116.331814,102,0.00741,0,-2.900000000000003E-4,-1,0,true
2008-04-28 11:29:20,39.9891,116.331819,103,0.00727,0,-1.399999999999995E-4,-1,0,true
2008-04-28 11:29:21,39.989246,116.331817,104,0.0072,0,-7.000000000000062E-5,-1,0,true
2008-04-28 11:29:22,39.98939,116.331815,105,0.00711,0,-8.99999999999998E-5,-1,0,true
2008-04-28 11:29:23,39.989529,116.331814,106,0.00686,0,-2.500000000000002E-4,-1,0,true
2008-04-28 11:29:24,39.989658,116.331804,107,0.00646,0,-4.000000000000002E-4,-1,0,true
2008-04-28 11:29:25,39.989791,116.3318,108,0.00658,0,1.2000000000000031E-4,1,1,false
2008-04-28 11:29:26,39.98991,116.331798,109,0.00587,0,-7.099999999999997E-4,-1,1,true
2008-04-28 11:29:27,39.990021,116.3318,110,0.00548,0,-3.900000000000006E-4,-1,0,true
2008-04-28 11:29:28,39.990125,116.331826,111,0.00589,0,4.1000000000000064E-4,1,1,false
2008-04-28 11:29:29,39.99023,116.331823,112,0.00519,0,-7.000000000000001E-4,-1,1,true
2008-04-28 11:29:30,39.990331,116.331817,113,0.00503,0,-1.6000000000000042E-4,-1,0,true
2008-04-28 11:29:32,39.990516,116.331854,114,0.005005,0,-1.2499999999999924E-5,-1,0,true
2008-04-28 11:29:33,39.990615,116.331852,115,0.00489,0,-1.1499999999999965E-4,-1,0,true
2008-04-28 11:29:34,39.990711,116.331855,116,0.00475,0,-1.4000000000000037E-4,-1,0,true
2008-04-28 11:29:36,39.99089,116.331855,117,0.004415,0,-1.6750000000000011E-4,-1,0,true
2008-04-28 11:29:38,39.99105,116.331915,118,0.005165,0,3.7500000000000033E-4,1,1,false
2008-04-28 11:29:40,39.991196,116.331942,119,0.0039,0,-6.325000000000002E-4,-1,1,true
2008-04-28 11:29:42,39.991336,116.331934,120,0.00348,0,-2.099999999999999E-4,-1,0,true
2008-04-28 11:29:44,39.991451,116.331946,121,0.002915,0,-2.825E-4,-1,0,true
2008-04-28 11:29:46,39.991553,116.331932,122,0.002635,0,-1.3999999999999993E-4,-1,0,true
2008-04-28 11:29:48,39.991605,116.331937,123,0.00131,1,-6.625000000000001E-4,-1,0,true
2008-04-28 11:29:50,39.991598,116.331937,124,1.75E-4,1,-5.675E-4,-1,0,true
2008-04-28 11:29:52,39.99159,116.331935,125,2.25E-4,1,2.4999999999999998E-5,1,1,true
2008-04-28 11:29:54,39.991596,116.331945,126,5.75E-4,1,1.75E-4,1,0,true
2008-04-28 11:29:56,39.991601,116.33195,127,3.05E-4,1,-1.35E-4,-1,1,false
2008-04-28 11:29:58,39.991668,116.331992,128,0.00286,0,0.0012775,1,1,false
2008-04-28 11:30:00,39.99172,116.332005,129,0.00147,0,-6.950000000000001E-4,-1,1,false
2008-04-28 11:30:02,39.991764,116.331981,130,0.00172,0,1.25E-4,1,1,true
2008-04-28 11:30:04,39.991793,116.331948,131,0.00197,0,1.25E-4,1,0,true
2008-04-28 11:30:06,39.991843,116.33193,132,0.00159,0,-1.8999999999999996E-4,-1,1,false
2008-04-28 11:30:08,39.99188,116.331905,133,0.001665,0,3.749999999999999E-5,1,1,false
2008-04-28 11:30:10,39.991907,116.331886,134,0.00125,0,-2.075E-4,-1,1,false
2008-04-28 11:30:12,39.991935,116.331866,135,0.00131,0,2.999999999999997E-5,1,1,false
2008-04-28 11:30:14,39.991951,116.33185,136,9.75E-4,1,-1.675E-4,-1,1,true
2008-04-28 11:30:16,39.991963,116.331846,137,3.7E-4,1,-3.025E-4,-1,0,true
2008-04-28 11:30:18,39.991967,116.331839,138,4.0E-4,1,1.5000000000000012E-5,1,1,true
2008-04-28 11:30:20,39.991972,116.331849,139,5.7E-4,1,8.499999999999998E-5,1,0,true
2008-04-28 11:30:22,39.991966,116.331851,140,1.85E-4,1,-1.925E-4,-1,1,false
2008-04-28 11:30:24,39.99194,116.331863,141,9.25E-4,0,3.7E-4,1,1,true
2008-04-28 11:30:26,39.991906,116.331844,142,0.00135,0,2.1250000000000002E-4,1,0,true
2008-04-28 11:30:28,39.991888,116.331801,143,0.00243,0,5.399999999999999E-4,1,0,true
2008-04-28 11:30:30,39.991859,116.331761,144,0.002335,0,-4.7500000000000016E-5,-1,1,true
2008-04-28 11:30:32,39.991834,116.331738,145,0.00142,0,-4.574999999999999E-4,-1,0,true
2008-04-28 11:30:34,39.991855,116.331718,146,0.001225,0,-9.750000000000004E-5,-1,0,true
2008-04-28 11:30:36,39.991859,116.331678,147,0.002225,0,5.0E-4,1,1,true
2008-04-28 11:30:38,39.991862,116.33163,148,0.00267,0,2.2250000000000004E-4,1,0,true
2008-04-28 11:30:40,39.991942,116.331602,149,0.002515,0,-7.75000000000001E-5,-1,1,false
2008-04-28 11:30:42,39.992052,116.331601,150,0.002715,0,1.0000000000000005E-4,1,1,true
2008-04-28 11:30:44,39.992224,116.33161,151,0.00427,0,7.775000000000002E-4,1,0,true
2008-04-28 11:30:45,39.992419,116.331604,152,0.00964,0,0.005369999999999999,1,0,true
2008-04-28 11:30:46,39.992588,116.33162,153,0.00852,0,-0.0011199999999999995,-1,1,false
2008-04-28 11:30:47,39.992815,116.331614,154,0.01122,0,0.002700000000000001,1,1,true
2008-04-28 11:30:48,39.993048,116.33162,155,0.01151,0,2.899999999999986E-4,1,0,true
2008-04-28 11:30:49,39.993264,116.331698,156,0.01374,0,0.002230000000000001,1,0,true
2008-04-28 11:30:50,39.993471,116.331717,157,0.01043,0,-0.0033100000000000004,-1,1,false
2008-04-28 11:30:51,39.993717,116.331835,158,0.01787,0,0.00744,1,1,false
2008-04-28 11:30:52,39.993882,116.331905,159,0.01126,0,-0.006610000000000001,-1,1,true
2008-04-28 11:30:53,39.994046,116.331904,160,0.00809,0,-0.003169999999999999,-1,0,true
2008-04-28 11:30:54,39.994203,116.331908,161,0.00776,0,-3.2999999999999956E-4,-1,0,true
2008-04-28 11:30:55,39.994368,116.331871,162,0.00912,0,0.0013599999999999992,1,1,true
2008-04-28 11:30:56,39.994564,116.331855,163,0.00983,0,7.100000000000006E-4,1,0,true
2008-04-28 11:30:57,39.994723,116.331839,164,0.00804,0,-0.00179,-1,1,false
2008-04-28 11:30:58,39.994887,116.331826,165,0.00822,0,1.799999999999996E-4,1,1,true
2008-04-28 11:30:59,39.99507,116.331801,166,0.00945,0,0.0012300000000000002,1,0,true
2008-04-28 11:31:00,39.995234,116.331789,167,0.0082,0,-0.0012499999999999994,-1,1,false
2008-04-28 11:31:01,39.995417,116.331787,168,0.00903,0,8.299999999999991E-4,1,1,true
2008-04-28 11:31:02,39.995604,116.331754,169,0.00993,0,8.999999999999998E-4,1,0,true
2008-04-28 11:31:03,39.995782,116.331743,170,0.00886,0,-0.0010699999999999998,-1,1,false
2008-04-28 11:31:04,39.995974,116.331737,171,0.00949,0,6.300000000000004E-4,1,1,false
2008-04-28 11:31:05,39.996153,116.331726,172,0.00891,0,-5.800000000000007E-4,-1,1,true
2008-04-28 11:31:06,39.996329,116.331711,173,0.00884,0,-6.999999999999888E-5,-1,0,true
2008-04-28 11:31:07,39.996498,116.331699,174,0.00844,0,-4.0000000000000105E-4,-1,0,true
2008-04-28 11:31:08,39.996665,116.331688,175,0.00833,0,-1.0999999999999899E-4,-1,0,true
2008-04-28 11:31:09,39.996839,116.331675,176,0.0087,0,3.699999999999988E-4,1,1,false
2008-04-28 11:31:10,39.997007,116.331666,177,0.00835,0,-3.499999999999996E-4,-1,1,false
2008-04-28 11:31:11,39.997186,116.331654,178,0.00893,0,5.800000000000007E-4,1,1,true
2008-04-28 11:31:12,39.997369,116.331636,179,0.00925,0,3.199999999999991E-4,1,0,true
2008-04-28 11:31:13,39.99755,116.331618,180,0.00915,0,-9.99999999999994E-5,-1,1,true
2008-04-28 11:31:14,39.997716,116.331606,181,0.0083,0,-8.500000000000001E-4,-1,0,true
2008-04-28 11:31:15,39.997886,116.331592,182,0.00853,0,2.299999999999993E-4,1,1,true
2008-04-28 11:31:16,39.998057,116.331571,183,0.00875,0,2.2000000000000144E-4,1,0,true
2008-04-28 11:31:17,39.998226,116.331553,184,0.00857,0,-1.8000000000000134E-4,-1,1,false
2008-04-28 11:31:18,39.998397,116.331539,185,0.00858,0,1.0000000000001327E-5,1,1,false
2008-04-28 11:31:19,39.998567,116.331531,186,0.00843,0,-1.5000000000000083E-4,-1,1,false
2008-04-28 11:31:20,39.998739,116.331534,187,0.00849,0,5.999999999999929E-5,1,1,false
2008-04-28 11:31:21,39.998911,116.331534,188,0.00848,0,-9.999999999999593E-6,-1,1,false
2008-04-28 11:31:22,39.999085,116.331528,189,0.00861,0,1.299999999999999E-4,1,1,false
2008-04-28 11:31:23,39.999249,116.331515,190,0.00822,0,-3.899999999999997E-4,-1,1,false
2008-04-28 11:31:24,39.999423,116.331499,191,0.00877,0,5.500000000000001E-4,1,1,false
2008-04-28 11:31:25,39.999588,116.331478,192,0.00847,0,-2.999999999999999E-4,-1,1,true
2008-04-28 11:31:26,39.999749,116.331456,193,0.00831,0,-1.6000000000000042E-4,-1,0,true
2008-04-28 11:31:27,39.999912,116.331435,194,0.00837,0,6.0000000000001025E-5,1,1,true
2008-04-28 11:31:28,40.000078,116.331417,195,0.00843,0,5.999999999999929E-5,1,0,true
2008-04-28 11:31:29,40.000238,116.331404,196,0.00802,0,-4.1000000000000064E-4,-1,1,false
2008-04-28 11:31:30,40.000409,116.331385,197,0.0087,0,6.8E-4,1,1,false
2008-04-28 11:31:31,40.000569,116.331375,198,0.00797,0,-7.299999999999997E-4,-1,1,false
2008-04-28 11:31:32,40.000725,116.331353,199,0.00807,0,1.0000000000000113E-4,1,1,true
2008-04-28 11:31:33,40.000892,116.331336,200,0.00845,0,3.799999999999984E-4,1,0,true
2008-04-28 11:31:34,40.001055,116.331324,201,0.00815,0,-2.999999999999999E-4,-1,1,true
2008-04-28 11:31:35,40.001217,116.331315,202,0.00805,0,-9.99999999999994E-5,-1,0,true
2008-04-28 11:31:36,40.001379,116.331308,203,0.00803,0,-1.9999999999999185E-5,-1,0,true
2008-04-28 11:31:37,40.001549,116.331306,204,0.00839,0,3.599999999999992E-4,1,1,true
2008-04-28 11:31:38,40.00172,116.331301,205,0.00845,0,5.999999999999929E-5,1,0,true
2008-04-28 11:31:39,40.001894,116.331295,206,0.00861,0,1.6000000000000042E-4,1,0,true
2008-04-28 11:31:40,40.002067,116.331283,207,0.00864,0,3.0000000000000512E-5,1,0,true
2008-04-28 11:31:41,40.002233,116.331277,208,0.00822,0,-4.2000000000000023E-4,-1,1,false
2008-04-28 11:31:42,40.002404,116.33127,209,0.00847,0,2.500000000000002E-4,1,1,false
2008-04-28 11:31:43,40.002572,116.331268,210,0.00829,0,-1.799999999999996E-4,-1,1,false
2008-04-28 11:31:44,40.002743,116.331272,211,0.00845,0,1.5999999999999868E-4,1,1,true
2008-04-28 11:31:45,40.002915,116.33128,212,0.00853,0,8.000000000000021E-5,1,0,true
2008-04-28 11:31:46,40.003085,116.331282,213,0.00839,0,-1.399999999999995E-4,-1,1,false
2008-04-28 11:31:47,40.003261,116.331287,214,0.0087,0,3.099999999999995E-4,1,1,false
2008-04-28 11:31:48,40.003434,116.331293,215,0.00856,0,-1.399999999999995E-4,-1,1,false
2008-04-28 11:31:49,40.00361,116.331297,216,0.00869,0,1.299999999999999E-4,1,1,false
2008-04-28 11:31:50,40.003774,116.331298,217,0.00809,0,-5.999999999999998E-4,-1,1,false
2008-04-28 11:31:51,40.003939,116.331302,218,0.00815,0,5.999999999999929E-5,1,1,false
2008-04-28 11:31:52,40.004104,116.331301,219,0.00814,0,-9.999999999999593E-6,-1,1,true
2008-04-28 11:31:53,40.004269,116.3313,220,0.00814,0,0.0,-1,0,true
2008-04-28 11:31:54,40.004434,116.3313,221,0.00814,0,0.0,-1,0,true
2008-04-28 11:31:55,40.004598,116.331303,222,0.0081,0,-4.0000000000000105E-5,-1,0,true
2008-04-28 11:31:56,40.004761,116.331304,223,0.00804,0,-5.999999999999929E-5,-1,0,true
2008-04-28 11:31:57,40.004927,116.331302,224,0.00819,0,1.499999999999991E-4,1,1,false
2008-04-28 11:31:58,40.005089,116.331298,225,0.008,0,-1.899999999999992E-4,-1,1,false
2008-04-28 11:31:59,40.005254,116.331294,226,0.00815,0,1.499999999999991E-4,1,1,true
2008-04-28 11:32:00,40.005421,116.33129,227,0.00825,0,1.0000000000000113E-4,1,0,true
2008-04-28 11:32:01,40.005587,116.331278,228,0.0083,0,4.99999999999997E-5,1,0,true
2008-04-28 11:32:02,40.005753,116.331265,229,0.00831,0,9.999999999999593E-6,1,0,true
2008-04-28 11:32:03,40.005909,116.331236,230,0.00834,0,3.0000000000000512E-5,1,0,true
2008-04-28 11:32:04,40.006054,116.331194,231,0.00854,0,2.0000000000000052E-4,1,0,true
2008-04-28 11:32:05,40.006215,116.33116,232,0.0088,0,2.599999999999998E-4,1,0,true
2008-04-28 11:32:06,40.006381,116.331117,233,0.00948,0,6.8E-4,1,0,true
2008-04-28 11:32:07,40.006527,116.331059,234,0.00967,0,1.899999999999992E-4,1,0,true
2008-04-28 11:32:08,40.00667,116.330995,235,0.01002,0,3.499999999999996E-4,1,0,true
2008-04-28 11:32:09,40.006825,116.33094,236,0.00979,0,-2.299999999999993E-4,-1,1,false
2008-04-28 11:32:10,40.006982,116.330881,237,0.01015,0,3.599999999999992E-4,1,1,true
2008-04-28 11:32:11,40.007136,116.330819,238,0.01026,0,1.1000000000000072E-4,1,0,true
2008-04-28 11:32:12,40.00728,116.330746,239,0.01079,0,5.299999999999992E-4,1,0,true
2008-04-28 11:32:13,40.007426,116.330665,240,0.01153,0,7.400000000000011E-4,1,0,true
2008-04-28 11:32:14,40.007567,116.330581,241,0.01165,0,1.2000000000000031E-4,1,0,true
2008-04-28 11:32:15,40.007707,116.330497,242,0.01162,0,-3.0000000000000512E-5,-1,1,false
2008-04-28 11:32:16,40.007855,116.330414,243,0.01177,0,1.499999999999991E-4,1,1,true
2008-04-28 11:32:17,40.008005,116.330325,244,0.01236,0,5.900000000000002E-4,1,0,true
2008-04-28 11:32:18,40.008154,116.33023,245,0.01287,0,5.1E-4,1,0,true
2008-04-28 11:32:19,40.008295,116.330131,246,0.01302,0,1.5000000000000083E-4,1,0,true
2008-04-28 11:32:20,40.008432,116.330027,247,0.01339,0,3.7000000000000054E-4,1,0,true
2008-04-28 11:32:21,40.008578,116.329917,248,0.01419,0,7.999999999999986E-4,1,0,true
2008-04-28 11:32:22,40.008721,116.329802,249,0.0146,0,4.1000000000000064E-4,1,0,true
2008-04-28 11:32:23,40.008867,116.329689,250,0.01448,0,-1.2000000000000031E-4,-1,1,false
2008-04-28 11:32:24,40.009007,116.329561,251,0.01582,0,0.001340000000000001,1,1,true
2008-04-28 11:32:25,40.009143,116.32943,252,0.01604,0,2.1999999999999797E-4,1,0,true
2008-04-28 11:32:26,40.009276,116.32929,253,0.01689,0,8.500000000000001E-4,1,0,true
2008-04-28 11:32:27,40.009402,116.329136,254,0.01822,0,0.0013300000000000013,1,0,true
2008-04-28 11:32:28,40.00953,116.328984,255,0.01804,0,-1.799999999999996E-4,-1,1,true
2008-04-28 11:32:29,40.009657,116.328833,256,0.01792,0,-1.2000000000000205E-4,-1,0,true
2008-04-28 11:32:30,40.009777,116.328676,257,0.01843,0,5.1E-4,1,1,false
2008-04-28 11:32:31,40.009898,116.32852,258,0.01835,0,-7.999999999999674E-5,-1,1,true
2008-04-28 11:32:32,40.010026,116.328368,259,0.01804,0,-3.1000000000000125E-4,-1,0,true
2008-04-28 11:32:33,40.010154,116.328214,260,0.01825,0,2.0999999999999838E-4,1,1,true
2008-04-28 11:32:34,40.010285,116.328058,261,0.01851,0,2.599999999999998E-4,1,0,true
2008-04-28 11:32:35,40.010417,116.327904,262,0.01832,0,-1.899999999999992E-4,-1,1,false
2008-04-28 11:32:36,40.010541,116.327746,263,0.0186,0,2.79999999999999E-4,1,1,false
2008-04-28 11:32:37,40.010657,116.327596,264,0.01763,0,-9.699999999999986E-4,-1,1,true
2008-04-28 11:32:38,40.010779,116.327448,265,0.01752,0,-1.0999999999999899E-4,-1,0,true
2008-04-28 11:32:39,40.01091,116.327299,266,0.01778,0,2.599999999999998E-4,1,1,false
2008-04-28 11:32:40,40.011033,116.327155,267,0.01712,0,-6.600000000000009E-4,-1,1,false
2008-04-28 11:32:41,40.011156,116.32701,268,0.01723,0,1.0999999999999899E-4,1,1,false
2008-04-28 11:32:42,40.01127,116.326864,269,0.01718,0,-4.999999999999796E-5,-1,1,false
2008-04-28 11:32:43,40.011389,116.326711,270,0.018,0,8.199999999999978E-4,1,1,false
2008-04-28 11:32:44,40.011508,116.326558,271,0.018,0,0.0,-1,1,true
2008-04-28 11:32:45,40.011632,116.326414,272,0.01714,0,-8.599999999999997E-4,-1,0,true
2008-04-28 11:32:46,40.011751,116.326269,273,0.01716,0,2.0000000000002655E-5,1,1,true
2008-04-28 11:32:47,40.011874,116.326123,274,0.01733,0,1.7E-4,1,0,true
2008-04-28 11:32:48,40.011995,116.325977,275,0.0173,0,-3.0000000000002247E-5,-1,1,false
2008-04-28 11:32:49,40.012123,116.325829,276,0.01763,0,3.3000000000000043E-4,1,1,false
2008-04-28 11:32:50,40.012249,116.325686,277,0.01707,0,-5.600000000000015E-4,-1,1,false
2008-04-28 11:32:51,40.012382,116.325536,278,0.01792,0,8.500000000000001E-4,1,1,false
2008-04-28 11:32:52,40.01251,116.325386,279,0.01783,0,-8.99999999999998E-5,-1,1,false
2008-04-28 11:32:53,40.012639,116.325233,280,0.01816,0,3.3000000000000043E-4,1,1,false
2008-04-28 11:32:54,40.012771,116.325081,281,0.01811,0,-4.999999999999796E-5,-1,1,false
2008-04-28 11:32:55,40.012906,116.324929,282,0.01817,0,5.9999999999997555E-5,1,1,false
2008-04-28 11:32:56,40.013032,116.324781,283,0.01759,0,-5.799999999999972E-4,-1,1,false
2008-04-28 11:32:57,40.013158,116.324628,284,0.01811,0,5.199999999999996E-4,1,1,false
2008-04-28 11:32:58,40.013282,116.324477,285,0.01787,0,-2.4000000000000063E-4,-1,1,false
2008-04-28 11:32:59,40.013405,116.324325,286,0.01796,0,8.99999999999998E-5,1,1,true
2008-04-28 11:33:00,40.013525,116.32417,287,0.01822,0,2.599999999999998E-4,1,0,true
2008-04-28 11:33:01,40.013644,116.324014,288,0.01831,0,8.99999999999998E-5,1,0,true
2008-04-28 11:33:02,40.013766,116.323863,289,0.01784,0,-4.699999999999982E-4,-1,1,false
2008-04-28 11:33:03,40.013884,116.323706,290,0.0184,0,5.59999999999998E-4,1,1,true
2008-04-28 11:33:04,40.014003,116.323547,291,0.01863,0,2.3000000000000104E-4,1,0,true
2008-04-28 11:33:05,40.014128,116.323396,292,0.01789,0,-7.400000000000011E-4,-1,1,true
2008-04-28 11:33:06,40.014251,116.323248,293,0.01754,0,-3.499999999999996E-4,-1,0,true
2008-04-28 11:33:07,40.014378,116.323096,294,0.01803,0,4.900000000000009E-4,1,1,false
2008-04-28 11:33:08,40.01451,116.322947,295,0.0178,0,-2.3000000000000104E-4,-1,1,true
2008-04-28 11:33:09,40.014643,116.322812,296,0.01638,0,-0.0014200000000000011,-1,0,true
2008-04-28 11:33:10,40.014768,116.322667,297,0.01726,0,8.800000000000023E-4,1,1,true
2008-04-28 11:33:11,40.014891,116.32252,298,0.01744,0,1.799999999999996E-4,1,0,true
2008-04-28 11:33:12,40.015021,116.322368,299,0.01808,0,6.399999999999982E-4,1,0,true
2008-04-28 11:33:13,40.015151,116.322215,300,0.01818,0,1.0000000000000286E-4,1,0,true
2008-04-28 11:33:14,40.015278,116.322069,301,0.0174,0,-7.800000000000029E-4,-1,1,true
2008-04-28 11:33:15,40.015408,116.321927,302,0.01704,0,-3.599999999999992E-4,-1,0,true
2008-04-28 11:33:16,40.015537,116.321792,303,0.0163,0,-7.400000000000011E-4,-1,0,true
2008-04-28 11:33:17,40.015662,116.321652,304,0.01674,0,4.400000000000029E-4,1,1,false
2008-04-28 11:33:18,40.015782,116.321518,305,0.01603,0,-7.100000000000023E-4,-1,1,true
2008-04-28 11:33:19,40.015893,116.321396,306,0.01463,0,-0.0013999999999999985,-1,0,true
2008-04-28 11:33:20,40.016014,116.321275,307,0.01472,0,8.99999999999998E-5,1,1,true
2008-04-28 11:33:21,40.016131,116.321151,308,0.01495,0,2.299999999999993E-4,1,0,true
2008-04-28 11:33:22,40.016249,116.321025,309,0.01517,0,2.199999999999997E-4,1,0,true
2008-04-28 11:33:23,40.016378,116.320894,310,0.0159,0,7.300000000000015E-4,1,0,true
2008-04-28 11:33:24,40.016507,116.320757,311,0.01651,0,6.099999999999994E-4,1,0,true
2008-04-28 11:33:25,40.016636,116.320619,312,0.01661,0,9.99999999999994E-5,1,0,true
2008-04-28 11:33:26,40.016767,116.32048,313,0.01675,0,1.4000000000000123E-4,1,0,true
2008-04-28 11:33:27,40.0169,116.320342,314,0.01669,0,-6.0000000000001025E-5,-1,1,true
2008-04-28 11:33:28,40.017036,116.320218,315,0.01533,0,-0.00136,-1,0,true
2008-04-28 11:33:29,40.017165,116.320093,316,0.01529,0,-4.0000000000000105E-5,-1,0,true
2008-04-28 11:33:30,40.017307,116.31998,317,0.01438,0,-9.099999999999994E-4,-1,0,true
2008-04-28 11:33:31,40.017455,116.319882,318,0.01312,0,-0.0012600000000000007,-1,0,true
2008-04-28 11:33:32,40.017598,116.319778,319,0.01354,0,4.2000000000000023E-4,1,1,false
2008-04-28 11:33:33,40.017742,116.319675,320,0.01348,0,-5.999999999999929E-5,-1,1,true
2008-04-28 11:33:34,40.017897,116.319577,321,0.01331,0,-1.7E-4,-1,0,true
2008-04-28 11:33:35,40.018047,116.319484,322,0.01271,0,-5.999999999999998E-4,-1,0,true
2008-04-28 11:33:36,40.018214,116.319389,323,0.01339,0,6.8E-4,1,1,false
2008-04-28 11:33:37,40.018376,116.319307,324,0.01212,0,-0.0012700000000000003,-1,1,true
2008-04-28 11:33:38,40.018524,116.319234,325,0.01092,0,-0.0012000000000000014,-1,0,true
2008-04-28 11:33:39,40.018678,116.319158,326,0.01136,0,4.4000000000000115E-4,1,1,true
2008-04-28 11:33:40,40.018834,116.319076,327,0.01193,0,5.699999999999993E-4,1,0,true
2008-04-28 11:33:41,40.018997,116.318995,328,0.01207,0,1.4000000000000123E-4,1,0,true
2008-04-28 11:33:42,40.019156,116.318912,329,0.01211,0,3.999999999999837E-5,1,0,true
2008-04-28 11:33:43,40.019314,116.318832,330,0.01182,0,-2.899999999999986E-4,-1,1,true
2008-04-28 11:33:44,40.019453,116.318777,331,0.00919,0,-0.0026300000000000004,-1,0,true
2008-04-28 11:33:45,40.019575,116.318717,332,0.00898,0,-2.1000000000000012E-4,-1,0,true
2008-04-28 11:33:46,40.019696,116.318669,333,0.008,0,-9.8E-4,-1,0,true
2008-04-28 11:33:47,40.019804,116.318627,334,0.00708,0,-9.199999999999998E-4,-1,0,true
2008-04-28 11:33:48,40.019919,116.318576,335,0.00802,0,9.39999999999999E-4,1,1,true
2008-04-28 11:33:49,40.020042,116.318526,336,0.00823,0,2.1000000000000012E-4,1,0,true
2008-04-28 11:33:50,40.020151,116.318481,337,0.00734,0,-8.899999999999993E-4,-1,1,false
2008-04-28 11:33:51,40.020277,116.318436,338,0.00798,0,6.399999999999991E-4,1,1,false
2008-04-28 11:33:52,40.020395,116.318396,339,0.00732,0,-6.599999999999991E-4,-1,1,true
2008-04-28 11:33:53,40.020508,116.318355,340,0.0072,0,-1.2000000000000031E-4,-1,0,true
2008-04-28 11:33:54,40.020633,116.318312,341,0.0078,0,5.999999999999998E-4,1,1,true
2008-04-28 11:33:55,40.020757,116.318267,342,0.0079,0,1.0000000000000113E-4,1,0,true
2008-04-28 11:33:56,40.020878,116.318225,343,0.00758,0,-3.2000000000000084E-4,-1,1,false
2008-04-28 11:33:57,40.021002,116.318182,344,0.00776,0,1.8000000000000047E-4,1,1,false
2008-04-28 11:33:58,40.021126,116.318142,345,0.00756,0,-2.0000000000000052E-4,-1,1,true
2008-04-28 11:33:59,40.021242,116.318105,346,0.00705,0,-5.1E-4,-1,0,true
2008-04-28 11:34:00,40.02137,116.318067,347,0.00759,0,5.400000000000005E-4,1,1,false
2008-04-28 11:34:01,40.021497,116.318033,348,0.00731,0,-2.8000000000000073E-4,-1,1,false
2008-04-28 11:34:02,40.021617,116.317993,349,0.0074,0,9.000000000000067E-5,1,1,true
2008-04-28 11:34:03,40.021747,116.317949,350,0.00806,0,6.599999999999991E-4,1,0,true
2008-04-28 11:34:04,40.021883,116.317903,351,0.00843,0,3.7000000000000054E-4,1,0,true
2008-04-28 11:34:05,40.022024,116.317861,352,0.00837,0,-5.999999999999929E-5,-1,1,false
2008-04-28 11:34:06,40.022172,116.317814,353,0.00898,0,6.099999999999994E-4,1,1,true
2008-04-28 11:34:07,40.022321,116.317766,354,0.00908,0,9.99999999999994E-5,1,0,true
2008-04-28 11:34:08,40.022473,116.317714,355,0.00947,0,3.899999999999997E-4,1,0,true
2008-04-28 11:34:09,40.022625,116.317661,356,0.00953,0,6.0000000000001025E-5,1,0,true
2008-04-28 11:34:10,40.022779,116.317603,357,0.00996,0,4.299999999999998E-4,1,0,true
2008-04-28 11:34:11,40.022935,116.317549,358,0.00976,0,-2.0000000000000052E-4,-1,1,true
2008-04-28 11:34:12,40.023094,116.3175,359,0.00955,0,-2.1000000000000012E-4,-1,0,true
2008-04-28 11:34:13,40.023254,116.31745,360,0.00965,0,1.0000000000000113E-4,1,1,true
2008-04-28 11:34:14,40.023412,116.317396,361,0.00984,0,1.899999999999992E-4,1,0,true
2008-04-28 11:34:15,40.023566,116.317341,362,0.00975,0,-8.99999999999998E-5,-1,1,true
2008-04-28 11:34:16,40.023719,116.317287,363,0.00964,0,-1.1000000000000072E-4,-1,0,true
2008-04-28 11:34:17,40.023869,116.317234,364,0.00946,0,-1.799999999999996E-4,-1,0,true
2008-04-28 11:34:18,40.024028,116.317177,365,0.01008,0,6.200000000000008E-4,1,1,false
2008-04-28 11:34:19,40.024185,116.317121,366,0.00993,0,-1.5000000000000083E-4,-1,1,false
2008-04-28 11:34:20,40.024344,116.31706,367,0.01037,0,4.4000000000000115E-4,1,1,false
2008-04-28 11:34:21,40.024504,116.317,368,0.01033,0,-4.0000000000000105E-5,-1,1,true
2008-04-28 11:34:22,40.024658,116.316939,369,0.01018,0,-1.5000000000000083E-4,-1,0,true
2008-04-28 11:34:23,40.024813,116.316883,370,0.00986,0,-3.199999999999991E-4,-1,0,true
2008-04-28 11:34:24,40.024965,116.316826,371,0.00981,0,-5.000000000000143E-5,-1,0,true
2008-04-28 11:34:25,40.025122,116.316765,372,0.01029,0,4.8000000000000126E-4,1,1,true
2008-04-28 11:34:26,40.02527,116.316699,373,0.01035,0,5.999999999999929E-5,1,0,true
2008-04-28 11:34:27,40.02542,116.316641,374,0.00981,0,-5.400000000000005E-4,-1,1,false
2008-04-28 11:34:28,40.025575,116.316575,375,0.0106,0,7.900000000000008E-4,1,1,false
2008-04-28 11:34:29,40.025734,116.316512,376,0.01051,0,-8.99999999999998E-5,-1,1,true
2008-04-28 11:34:30,40.025892,116.316449,377,0.01048,0,-3.0000000000000512E-5,-1,0,true
2008-04-28 11:34:31,40.026047,116.316382,378,0.01067,0,1.9000000000000093E-4,1,1,false
2008-04-28 11:34:32,40.026211,116.316322,379,0.01048,0,-1.9000000000000093E-4,-1,1,false
2008-04-28 11:34:33,40.026372,116.316258,380,0.01066,0,1.799999999999996E-4,1,1,false
2008-04-28 11:34:34,40.026527,116.316201,381,0.00993,0,-7.299999999999997E-4,-1,1,true
2008-04-28 11:34:35,40.026681,116.316145,382,0.00982,0,-1.0999999999999899E-4,-1,0,true
2008-04-28 11:34:36,40.026832,116.316085,383,0.01,0,1.799999999999996E-4,1,1,true
2008-04-28 11:34:37,40.026985,116.316021,384,0.01037,0,3.7000000000000054E-4,1,0,true
2008-04-28 11:34:38,40.027138,116.315961,385,0.01007,0,-2.999999999999999E-4,-1,1,false
2008-04-28 11:34:39,40.027292,116.315898,386,0.01033,0,2.599999999999998E-4,1,1,true
2008-04-28 11:34:40,40.027451,116.31583,387,0.01089,0,5.599999999999997E-4,1,0,true
2008-04-28 11:34:41,40.027605,116.315766,388,0.01041,0,-4.799999999999995E-4,-1,1,false
2008-04-28 11:34:42,40.027757,116.3157,389,0.01049,0,7.999999999999848E-5,1,1,false
2008-04-28 11:34:43,40.027916,116.31564,390,0.01029,0,-1.999999999999988E-4,-1,1,true
2008-04-28 11:34:44,40.028071,116.315578,391,0.01029,0,0.0,-1,0,true
2008-04-28 11:34:45,40.028226,116.315508,392,0.01091,0,6.19999999999999E-4,1,1,false
2008-04-28 11:34:46,40.028383,116.315443,393,0.01059,0,-3.199999999999991E-4,-1,1,true
2008-04-28 11:34:47,40.028537,116.315378,394,0.01048,0,-1.1000000000000072E-4,-1,0,true
2008-04-28 11:34:48,40.028689,116.315323,395,0.00967,0,-8.1E-4,-1,0,true
2008-04-28 11:34:49,40.028841,116.315266,396,0.00981,0,1.399999999999995E-4,1,1,false
2008-04-28 11:34:50,40.028997,116.315212,397,0.00976,0,-4.99999999999997E-5,-1,1,true
2008-04-28 11:34:51,40.029145,116.31516,398,0.00931,0,-4.49999999999999E-4,-1,0,true
2008-04-28 11:34:52,40.029294,116.31511,399,0.00921,0,-1.0000000000000113E-4,-1,0,true
2008-04-28 11:34:53,40.02944,116.315058,400,0.00923,0,2.000000000000092E-5,1,1,false
2008-04-28 11:34:54,40.029577,116.315005,401,0.00896,0,-2.7000000000000114E-4,-1,1,false
2008-04-28 11:34:55,40.02971,116.31495,402,0.00897,0,1.0000000000001327E-5,1,1,false
2008-04-28 11:34:56,40.029838,116.3149,403,0.00841,0,-5.599999999999997E-4,-1,1,false
2008-04-28 11:34:57,40.029958,116.314845,404,0.00851,0,9.99999999999994E-5,1,1,false
2008-04-28 11:34:58,40.03007,116.314797,405,0.00768,0,-8.3E-4,-1,1,true
2008-04-28 11:34:59,40.030182,116.314752,406,0.00745,0,-2.3000000000000017E-4,-1,0,true
2008-04-28 11:35:00,40.03029,116.314708,407,0.00723,0,-2.199999999999997E-4,-1,0,true
2008-04-28 11:35:01,40.030395,116.314666,408,0.00697,0,-2.600000000000007E-4,-1,0,true
2008-04-28 11:35:02,40.030498,116.314629,409,0.00654,0,-4.299999999999998E-4,-1,0,true
2008-04-28 11:35:03,40.030598,116.314587,410,0.00679,0,2.500000000000002E-4,1,1,true
2008-04-28 11:35:04,40.030695,116.314541,411,0.007,0,2.1000000000000012E-4,1,0,true
2008-04-28 11:35:05,40.030787,116.314492,412,0.00709,0,8.99999999999998E-5,1,0,true
2008-04-28 11:35:06,40.030875,116.314442,413,0.00705,0,-4.0000000000000105E-5,-1,1,true
2008-04-28 11:35:08,40.031033,116.314353,414,0.006295,0,-3.774999999999998E-4,-1,0,true
2008-04-28 11:35:10,40.031169,116.314267,415,0.00584,0,-2.2750000000000027E-4,-1,0,true
2008-04-28 11:35:12,40.03128,116.31418,416,0.005555,0,-1.4249999999999983E-4,-1,0,true
2008-04-28 11:35:14,40.031374,116.314099,417,0.005065,0,-2.45E-4,-1,0,true
2008-04-28 11:35:16,40.031443,116.314016,418,0.00492,0,-7.250000000000008E-5,-1,0,true
2008-04-28 11:35:18,40.031505,116.313959,419,0.00352,0,-6.999999999999999E-4,-1,0,true
2008-04-28 11:35:20,40.031571,116.31393,420,0.00229,0,-6.150000000000001E-4,-1,0,true
2008-04-28 11:35:22,40.031626,116.313927,421,0.001365,0,-4.625E-4,-1,0,true
2008-04-28 11:35:24,40.031674,116.313944,422,0.001515,0,7.500000000000009E-5,1,1,false
2008-04-28 11:35:26,40.031704,116.31396,423,0.001155,0,-1.8000000000000004E-4,-1,1,true
2008-04-28 11:35:28,40.031723,116.31397,424,7.25E-4,1,-2.1500000000000002E-4,-1,0,true
2008-04-28 11:35:30,40.03174,116.313969,425,4.25E-4,1,-1.5E-4,-1,0,true
2008-04-28 11:35:32,40.031755,116.313968,426,3.75E-4,1,-2.4999999999999984E-5,-1,0,true
2008-04-28 11:35:34,40.03177,116.313964,427,4.3E-4,1,2.749999999999999E-5,1,1,true
2008-04-28 11:35:36,40.031775,116.313953,428,6.25E-4,0,9.750000000000001E-5,1,0,true
2008-04-28 11:35:38,40.03178,116.313939,429,7.9E-4,0,8.25E-5,1,0,true
2008-04-28 11:35:40,40.031785,116.313931,430,4.6E-4,1,-1.65E-4,-1,1,true
2008-04-28 11:35:42,40.031788,116.313926,431,2.9E-4,1,-8.5E-5,-1,0,true
2008-04-28 11:35:44,40.03179,116.313922,432,2.3E-4,1,-2.9999999999999997E-5,-1,0,true
2008-04-28 11:35:46,40.031788,116.313926,433,2.3E-4,1,0.0,-1,0,true
2008-04-28 11:35:48,40.031788,116.313929,434,1.65E-4,1,-3.2500000000000004E-5,-1,0,true
2008-04-28 11:35:50,40.031791,116.31393,435,9.5E-5,1,-3.5E-5,-1,0,true
2008-04-28 11:35:52,40.031792,116.31393,436,2.5E-5,1,-3.5000000000000004E-5,-1,0,true
2008-04-28 11:35:54,40.031792,116.31393,437,0.0,1,-1.25E-5,-1,0,true
2008-04-28 11:35:56,40.03179,116.313925,438,2.8E-4,1,1.4E-4,1,1,false
2008-04-28 11:35:58,40.03179,116.31392,439,2.8E-4,1,0.0,-1,1,true
2008-04-28 11:36:00,40.031788,116.313917,440,1.75E-4,1,-5.249999999999999E-5,-1,0,true
2008-04-28 11:36:02,40.031787,116.313912,441,2.8E-4,1,5.249999999999999E-5,1,1,true
2008-04-28 11:36:04,40.031787,116.313903,442,5.0E-4,0,1.1000000000000002E-4,1,0,true
2008-04-28 11:36:06,40.031792,116.313887,443,9.0E-4,0,1.9999999999999998E-4,1,0,true
2008-04-28 11:36:08,40.031828,116.313884,444,9.05E-4,0,2.5000000000000066E-6,1,0,true
2008-04-28 11:36:10,40.031957,116.31386,445,0.00345,0,0.0012725,1,0,true
2008-04-28 11:36:11,40.032048,116.313842,446,0.00491,0,0.0014600000000000004,1,0,true
2008-04-28 11:36:12,40.032213,116.313843,447,0.00813,0,0.0032199999999999998,1,0,true
2008-04-28 11:36:13,40.032355,116.313792,448,0.00901,0,8.800000000000006E-4,1,0,true
2008-04-28 11:36:14,40.03249,116.313745,449,0.00846,0,-5.500000000000001E-4,-1,1,false
2008-04-28 11:36:15,40.032689,116.313696,450,0.01122,0,0.0027600000000000003,1,1,true
2008-04-28 11:36:16,40.032921,116.313688,451,0.01147,0,2.499999999999985E-4,1,0,true
2008-04-28 11:36:17,40.033083,116.313639,452,0.00967,0,-0.0017999999999999995,-1,1,true
2008-04-28 11:36:18,40.033266,116.313609,453,0.00962,0,-4.99999999999997E-5,-1,0,true
2008-04-28 11:36:19,40.033493,116.313565,454,0.01221,0,0.0025900000000000003,1,1,true
2008-04-28 11:36:20,40.033665,116.313485,455,0.01229,0,8.000000000000021E-5,1,0,true
2008-04-28 11:36:21,40.033842,116.313423,456,0.01112,0,-0.001170000000000001,-1,1,false
2008-04-28 11:36:22,40.034009,116.313347,457,0.0118,0,6.8E-4,1,1,true
2008-04-28 11:36:23,40.034164,116.313266,458,0.01181,0,9.999999999999593E-6,1,0,true
2008-04-28 11:36:24,40.034321,116.313181,459,0.01222,0,4.1000000000000064E-4,1,0,true
2008-04-28 11:36:25,40.034488,116.3131,460,0.0122,0,-1.9999999999999185E-5,-1,1,false
2008-04-28 11:36:26,40.034649,116.31301,461,0.01277,0,5.699999999999993E-4,1,1,true
2008-04-28 11:36:27,40.034805,116.312907,462,0.0138,0,0.0010299999999999997,1,0,true
2008-04-28 11:36:28,40.034959,116.312794,463,0.01468,0,8.800000000000006E-4,1,0,true
2008-04-28 11:36:29,40.03511,116.312695,464,0.01329,0,-0.0013900000000000006,-1,1,false
2008-04-28 11:36:30,40.035268,116.31257,465,0.01593,0,0.00264,1,1,false
2008-04-28 11:36:31,40.035422,116.312455,466,0.01487,0,-0.0010600000000000002,-1,1,false
2008-04-28 11:36:32,40.035573,116.312324,467,0.01636,0,0.00149,1,1,true
2008-04-28 11:36:33,40.035732,116.312194,468,0.01644,0,8.000000000000021E-5,1,0,true
2008-04-28 11:36:34,40.035885,116.312074,469,0.01533,0,-0.0011099999999999999,-1,1,true
2008-04-28 11:36:35,40.036036,116.311955,470,0.01518,0,-1.499999999999991E-4,-1,0,true
2008-04-28 11:36:36,40.03618,116.311845,471,0.01414,0,-0.001040000000000001,-1,0,true
2008-04-28 11:36:37,40.036318,116.311739,472,0.01361,0,-5.299999999999992E-4,-1,0,true
2008-04-28 11:36:38,40.036458,116.311631,473,0.01385,0,2.399999999999989E-4,1,1,true
2008-04-28 11:36:39,40.036601,116.311522,474,0.01402,0,1.7E-4,1,0,true
2008-04-28 11:36:40,40.03674,116.311416,475,0.01363,0,-3.899999999999997E-4,-1,1,true
2008-04-28 11:36:41,40.036874,116.311309,476,0.01361,0,-1.9999999999999185E-5,-1,0,true
2008-04-28 11:36:42,40.037007,116.311188,477,0.01497,0,0.00136,1,1,false
2008-04-28 11:36:43,40.03713,116.311066,478,0.01486,0,-1.1000000000000072E-4,-1,1,false
2008-04-28 11:36:44,40.037254,116.310922,479,0.01714,0,0.002279999999999999,1,1,false
2008-04-28 11:36:45,40.037374,116.31078,480,0.01686,0,-2.79999999999999E-4,-1,1,true
2008-04-28 11:36:46,40.037488,116.310644,481,0.01613,0,-7.300000000000015E-4,-1,0,true
2008-04-28 11:36:47,40.037604,116.31049,482,0.01805,0,0.0019200000000000016,1,1,false
2008-04-28 11:36:48,40.037715,116.310344,483,0.01713,0,-9.200000000000007E-4,-1,1,true
2008-04-28 11:36:49,40.037822,116.310203,484,0.01654,0,-5.900000000000002E-4,-1,0,true
2008-04-28 11:36:50,40.037937,116.310041,485,0.01889,0,0.0023500000000000014,1,1,false
2008-04-28 11:36:51,40.03804,116.309903,486,0.01616,0,-0.00273,-1,1,true
2008-04-28 11:36:52,40.038161,116.30977,487,0.01595,0,-2.1000000000000185E-4,-1,0,true
2008-04-28 11:36:53,40.0383,116.309599,488,0.02021,0,0.00426,1,1,false
2008-04-28 11:36:54,40.038428,116.309444,489,0.01835,0,-0.001859999999999997,-1,1,true
2008-04-28 11:36:55,40.038553,116.309297,490,0.01747,0,-8.800000000000023E-4,-1,0,true
2008-04-28 11:36:56,40.038676,116.309146,491,0.01785,0,3.8000000000000186E-4,1,1,false
2008-04-28 11:36:57,40.038802,116.309001,492,0.01728,0,-5.700000000000011E-4,-1,1,false
2008-04-28 11:36:58,40.038937,116.308842,493,0.01889,0,0.0016100000000000003,1,1,false
2008-04-28 11:36:59,40.039073,116.308696,494,0.01756,0,-0.0013300000000000013,-1,1,true
2008-04-28 11:37:00,40.039211,116.308554,495,0.01719,0,-3.699999999999988E-4,-1,0,true
2008-04-28 11:37:01,40.039351,116.308416,496,0.01683,0,-3.599999999999992E-4,-1,0,true
2008-04-28 11:37:02,40.039493,116.308285,497,0.01616,0,-6.700000000000005E-4,-1,0,true
2008-04-28 11:37:03,40.039639,116.308171,498,0.01458,0,-0.0015800000000000015,-1,0,true
2008-04-28 11:37:04,40.039782,116.308071,499,0.01317,0,-0.0014099999999999998,-1,0,true
2008-04-28 11:37:05,40.039928,116.307968,500,0.01353,0,3.6000000000000094E-4,1,1,false
2008-04-28 11:37:06,40.040073,116.307869,501,0.01312,0,-4.1000000000000064E-4,-1,1,false
2008-04-28 11:37:07,40.040217,116.307765,502,0.01357,0,4.5000000000000075E-4,1,1,false
2008-04-28 11:37:08,40.040363,116.307676,503,0.01224,0,-0.0013300000000000013,-1,1,true
2008-04-28 11:37:09,40.04051,116.307589,504,0.01209,0,-1.499999999999991E-4,-1,0,true
2008-04-28 11:37:10,40.040663,116.307503,505,0.01218,0,8.99999999999998E-5,1,1,false
2008-04-28 11:37:11,40.040817,116.307418,506,0.01212,0,-5.999999999999929E-5,-1,1,true
2008-04-28 11:37:12,40.04097,116.307335,507,0.01192,0,-2.0000000000000052E-4,-1,0,true
2008-04-28 11:37:13,40.041122,116.307249,508,0.01215,0,2.299999999999993E-4,1,1,true
2008-04-28 11:37:14,40.041272,116.307162,509,0.01218,0,3.0000000000000512E-5,1,0,true
2008-04-28 11:37:15,40.041423,116.307072,510,0.01247,0,2.900000000000003E-4,1,0,true
2008-04-28 11:37:16,40.041572,116.306985,511,0.01215,0,-3.2000000000000084E-4,-1,1,false
2008-04-28 11:37:17,40.041719,116.306897,512,0.01218,0,3.0000000000000512E-5,1,1,false
2008-04-28 11:37:18,40.041873,116.306814,513,0.01195,0,-2.299999999999993E-4,-1,1,true
2008-04-28 11:37:19,40.042033,116.306747,514,0.01085,0,-0.0011000000000000003,-1,0,true
2008-04-28 11:37:20,40.042192,116.306665,515,0.01202,0,0.0011699999999999992,1,1,true
2008-04-28 11:37:21,40.042355,116.306574,516,0.01292,0,8.999999999999998E-4,1,0,true
2008-04-28 11:37:22,40.042528,116.306473,517,0.0141,0,0.0011800000000000005,1,0,true
2008-04-28 11:37:23,40.042694,116.306369,518,0.01417,0,7.000000000000062E-5,1,0,true
2008-04-28 11:37:24,40.042844,116.30627,519,0.01326,0,-9.100000000000011E-4,-1,1,false
2008-04-28 11:37:25,40.04299,116.306169,520,0.01334,0,8.000000000000021E-5,1,1,true
2008-04-28 11:37:26,40.043134,116.306064,521,0.01366,0,3.2000000000000084E-4,1,0,true
2008-04-28 11:37:27,40.043279,116.305955,522,0.01407,0,4.099999999999989E-4,1,0,true
2008-04-28 11:37:28,40.043426,116.305845,523,0.01422,0,1.5000000000000083E-4,1,0,true
2008-04-28 11:37:29,40.043574,116.305735,524,0.01424,0,1.9999999999999185E-5,1,0,true
2008-04-28 11:37:30,40.043712,116.305627,525,0.0138,0,-4.399999999999994E-4,-1,1,false
2008-04-28 11:37:31,40.043856,116.305514,526,0.01443,0,6.300000000000004E-4,1,1,true
2008-04-28 11:37:32,40.043997,116.305399,527,0.01455,0,1.2000000000000031E-4,1,0,true
2008-04-28 11:37:33,40.044134,116.305282,528,0.01466,0,1.0999999999999899E-4,1,0,true
2008-04-28 11:37:34,40.044273,116.305164,529,0.0148,0,1.4000000000000123E-4,1,0,true
2008-04-28 11:37:35,40.044411,116.305045,530,0.01488,0,8.000000000000021E-5,1,0,true
2008-04-28 11:37:36,40.044549,116.304929,531,0.01458,0,-3.0000000000000165E-4,-1,1,false
2008-04-28 11:37:37,40.044691,116.304813,532,0.01468,0,1.0000000000000113E-4,1,1,false
2008-04-28 11:37:38,40.044833,116.304701,533,0.01429,0,-3.899999999999997E-4,-1,1,true
2008-04-28 11:37:39,40.044977,116.304592,534,0.01405,0,-2.4000000000000063E-4,-1,0,true
2008-04-28 11:37:40,40.045122,116.304475,535,0.01484,0,7.900000000000008E-4,1,1,true
2008-04-28 11:37:41,40.045268,116.304358,536,0.01487,0,2.9999999999998778E-5,1,0,true
2008-04-28 11:37:42,40.045414,116.304242,537,0.01477,0,-9.99999999999994E-5,-1,1,true
2008-04-28 11:37:43,40.045555,116.304129,538,0.01436,0,-4.1000000000000064E-4,-1,0,true
2008-04-28 11:37:44,40.0457,116.304015,539,0.01455,0,1.9000000000000093E-4,1,1,true
2008-04-28 11:37:45,40.045848,116.3039,540,0.01472,0,1.7E-4,1,0,true
2008-04-28 11:37:46,40.045995,116.303784,541,0.01479,0,6.999999999999888E-5,1,0,true
2008-04-28 11:37:47,40.04614,116.303671,542,0.01446,0,-3.299999999999987E-4,-1,1,true
2008-04-28 11:37:48,40.046285,116.303563,543,0.01397,0,-4.900000000000009E-4,-1,0,true
2008-04-28 11:37:49,40.04643,116.303457,544,0.01378,0,-1.899999999999992E-4,-1,0,true
2008-04-28 11:37:50,40.046575,116.303352,545,0.01369,0,-8.99999999999998E-5,-1,0,true
2008-04-28 11:37:51,40.046715,116.30324,546,0.01424,0,5.499999999999984E-4,1,1,true
2008-04-28 11:37:52,40.046856,116.303127,547,0.01436,0,1.2000000000000031E-4,1,0,true
2008-04-28 11:37:53,40.046998,116.303014,548,0.01438,0,2.000000000000092E-5,1,0,true
2008-04-28 11:37:54,40.047147,116.302899,549,0.01475,0,3.699999999999988E-4,1,0,true
2008-04-28 11:37:55,40.047286,116.302787,550,0.01421,0,-5.399999999999988E-4,-1,1,false
2008-04-28 11:37:56,40.04742,116.302671,551,0.01449,0,2.79999999999999E-4,1,1,true
2008-04-28 11:37:57,40.047558,116.302555,552,0.01458,0,8.99999999999998E-5,1,0,true
2008-04-28 11:37:58,40.047701,116.302439,553,0.0147,0,1.2000000000000031E-4,1,0,true
2008-04-28 11:37:59,40.04784,116.302325,554,0.01441,0,-2.900000000000003E-4,-1,1,false
2008-04-28 11:38:00,40.047984,116.302211,555,0.01453,0,1.2000000000000031E-4,1,1,false
2008-04-28 11:38:01,40.048124,116.3021,556,0.01414,0,-3.899999999999997E-4,-1,1,true
2008-04-28 11:38:02,40.048254,116.301995,557,0.01332,0,-8.199999999999995E-4,-1,0,true
2008-04-28 11:38:03,40.048379,116.301899,558,0.01232,0,-0.0010000000000000009,-1,0,true
2008-04-28 11:38:04,40.048503,116.301811,559,0.01154,0,-7.799999999999994E-4,-1,0,true
2008-04-28 11:38:05,40.048627,116.301732,560,0.0107,0,-8.400000000000005E-4,-1,0,true
2008-04-28 11:38:06,40.048748,116.301671,561,0.00903,0,-0.0016699999999999996,-1,0,true
2008-04-28 11:38:07,40.048868,116.301612,562,0.00883,0,-2.0000000000000052E-4,-1,0,true
2008-04-28 11:38:08,40.048981,116.30155,563,0.00886,0,3.0000000000000512E-5,1,1,false
2008-04-28 11:38:09,40.049091,116.301487,564,0.00886,0,0.0,-1,1,false
2008-04-28 11:38:10,40.049198,116.301422,565,0.00895,0,8.99999999999998E-5,1,1,false
2008-04-28 11:38:11,40.049305,116.301373,566,0.00758,0,-0.0013699999999999997,-1,1,true
2008-04-28 11:38:12,40.049389,116.30133,567,0.00632,0,-0.0012599999999999998,-1,0,true
2008-04-28 11:38:13,40.049474,116.301281,568,0.00687,0,5.500000000000001E-4,1,1,false
2008-04-28 11:38:14,40.04956,116.301243,569,0.00598,0,-8.900000000000002E-4,-1,1,true
2008-04-28 11:38:16,40.049722,116.301186,570,0.005095,0,-4.425000000000002E-4,-1,0,true
2008-04-28 11:38:18,40.049858,116.301132,571,0.0045,0,-2.975E-4,-1,0,true
2008-04-28 11:38:20,40.049992,116.301051,572,0.005585,0,5.425E-4,1,1,false
2008-04-28 11:38:22,40.050105,116.300969,573,0.00534,0,-1.2249999999999978E-4,-1,1,true
2008-04-28 11:38:24,40.050203,116.300894,574,0.00482,0,-2.6000000000000025E-4,-1,0,true
2008-04-28 11:38:26,40.050271,116.300812,575,0.004855,0,1.7500000000000154E-5,1,1,false
2008-04-28 11:38:28,40.050321,116.300751,576,0.00361,0,-6.225E-4,-1,1,true
2008-04-28 11:38:30,40.050344,116.300717,577,0.001975,0,-8.174999999999999E-4,-1,0,true
2008-04-28 11:38:32,40.050362,116.300687,578,0.001725,0,-1.250000000000001E-4,-1,0,true
2008-04-28 11:38:34,40.050375,116.300681,579,4.6E-4,0,-6.325E-4,-1,0,true
2008-04-28 11:38:36,40.050382,116.300694,580,7.45E-4,0,1.425E-4,1,1,true
2008-04-28 11:38:38,40.050381,116.300712,581,0.001,1,1.275E-4,1,0,true
2008-04-28 11:38:40,40.050385,116.30072,582,4.55E-4,1,-2.725E-4,-1,1,false
2008-04-28 11:38:42,40.050391,116.300733,583,7.4E-4,0,1.425E-4,1,1,false
2008-04-28 11:38:44,40.050389,116.300744,584,6.15E-4,1,-6.25E-5,-1,1,true
2008-04-28 11:38:46,40.050379,116.30075,585,4.15E-4,1,-9.999999999999999E-5,-1,0,true
2008-04-28 11:38:48,40.050373,116.300754,586,2.65E-4,1,-7.500000000000001E-5,-1,0,true
2008-04-28 11:38:50,40.05037,116.300758,587,2.35E-4,1,-1.4999999999999999E-5,-1,0,true
2008-04-28 11:38:52,40.050363,116.300768,588,5.8E-4,0,1.7250000000000002E-4,1,1,true
2008-04-28 11:38:54,40.050348,116.300782,589,8.6E-4,0,1.4E-4,1,0,true
2008-04-28 11:38:56,40.050332,116.300797,590,9.2E-4,1,3.0000000000000024E-5,1,0,true
2008-04-28 11:38:58,40.050331,116.3008,591,1.7E-4,1,-3.75E-4,-1,1,true
2008-04-28 11:39:00,40.050331,116.3008,592,0.0,1,-8.5E-5,-1,0,true
2008-04-28 11:39:02,40.050334,116.300796,593,2.35E-4,1,1.175E-4,1,1,true
2008-04-28 11:39:04,40.050342,116.300791,594,3.4E-4,1,5.2500000000000016E-5,1,0,true
2008-04-28 11:39:06,40.050345,116.300792,595,9.0E-5,1,-1.25E-4,-1,1,true
2008-04-28 11:39:08,40.050347,116.300793,596,7.5E-5,1,-7.500000000000006E-6,-1,0,true
2008-04-28 11:39:10,40.050358,116.300792,597,2.75E-4,1,1.0000000000000002E-4,1,1,true
2008-04-28 11:39:12,40.050375,116.30079,598,4.35E-4,1,7.999999999999999E-5,1,0,true
2008-04-28 11:39:14,40.050397,116.300787,599,5.65E-4,0,6.499999999999998E-5,1,0,true
2008-04-28 11:39:16,40.050444,116.300791,600,0.00118,0,3.0750000000000005E-4,1,0,true
2008-04-28 11:39:18,40.050496,116.300795,601,0.0013,0,5.999999999999994E-5,1,0,true
2008-04-28 11:39:20,40.050592,116.300803,602,0.002405,0,5.525E-4,1,0,true
2008-04-28 11:39:21,40.05069,116.300796,603,0.00489,0,0.0024850000000000002,1,0,true
2008-04-28 11:39:23,40.050875,116.300758,604,0.005025,0,6.749999999999985E-5,1,0,true
2008-04-28 11:39:24,40.05101,116.300694,605,0.00974,0,0.0047150000000000004,1,0,true
2008-04-28 11:39:25,40.051139,116.300655,606,0.00769,0,-0.0020500000000000006,-1,1,false
2008-04-28 11:39:26,40.051257,116.300589,607,0.00936,0,0.0016700000000000005,1,1,true
2008-04-28 11:39:27,40.051406,116.300524,608,0.0103,0,9.399999999999999E-4,1,0,true
2008-04-28 11:39:28,40.051554,116.300452,609,0.01083,0,5.299999999999992E-4,1,0,true
2008-04-28 11:39:29,40.051701,116.300383,610,0.01055,0,-2.79999999999999E-4,-1,1,false
2008-04-28 11:39:30,40.051872,116.300317,611,0.01117,0,6.19999999999999E-4,1,1,false
2008-04-28 11:39:31,40.052031,116.30025,612,0.01081,0,-3.599999999999992E-4,-1,1,false
2008-04-28 11:39:32,40.052193,116.300175,613,0.01154,0,7.299999999999997E-4,1,1,true
2008-04-28 11:39:33,40.052366,116.30009,614,0.01273,0,0.00119,1,0,true
2008-04-28 11:39:34,40.052533,116.299998,615,0.01313,0,3.999999999999993E-4,1,0,true
2008-04-28 11:39:35,40.052696,116.299914,616,0.01232,0,-8.1E-4,-1,1,true
2008-04-28 11:39:36,40.052859,116.299833,617,0.01207,0,-2.499999999999985E-4,-1,0,true
2008-04-28 11:39:37,40.053024,116.29974,618,0.01315,0,0.0010799999999999994,1,1,true
2008-04-28 11:39:38,40.053186,116.299644,619,0.01333,0,1.799999999999996E-4,1,0,true
2008-04-28 11:39:39,40.053348,116.299554,620,0.0128,0,-5.299999999999992E-4,-1,1,false
2008-04-28 11:39:40,40.053514,116.299461,621,0.01318,0,3.8000000000000013E-4,1,1,true
2008-04-28 11:39:41,40.053686,116.299362,622,0.01389,0,7.099999999999988E-4,1,0,true
2008-04-28 11:39:42,40.053855,116.299263,623,0.0138,0,-8.99999999999998E-5,-1,1,true
2008-04-28 11:39:43,40.054023,116.299173,624,0.01299,0,-8.1E-4,-1,0,true
2008-04-28 11:39:44,40.054198,116.299078,625,0.01364,0,6.499999999999995E-4,1,1,true
2008-04-28 11:39:45,40.054366,116.298968,626,0.01477,0,0.0011300000000000008,1,0,true
2008-04-28 11:39:46,40.05453,116.298865,627,0.01402,0,-7.500000000000007E-4,-1,1,false
2008-04-28 11:39:47,40.054698,116.298744,628,0.0158,0,0.001780000000000002,1,1,false
2008-04-28 11:39:48,40.05486,116.298649,629,0.01324,0,-0.0025600000000000015,-1,1,true
2008-04-28 11:39:49,40.055021,116.298556,630,0.01303,0,-2.1000000000000012E-4,-1,0,true
2008-04-28 11:39:50,40.055178,116.29847,631,0.0123,0,-7.299999999999997E-4,-1,0,true
2008-04-28 11:39:51,40.055329,116.298389,632,0.01168,0,-6.200000000000008E-4,-1,0,true
2008-04-28 11:39:52,40.055482,116.2983,633,0.01244,0,7.600000000000003E-4,1,1,true
2008-04-28 11:39:53,40.055639,116.298206,634,0.013,0,5.599999999999997E-4,1,0,true
2008-04-28 11:39:54,40.055804,116.298107,635,0.01369,0,6.900000000000014E-4,1,0,true
2008-04-28 11:39:55,40.055973,116.298006,636,0.01398,0,2.899999999999986E-4,1,0,true
2008-04-28 11:39:56,40.05614,116.297907,637,0.01374,0,-2.399999999999989E-4,-1,1,false
2008-04-28 11:39:57,40.056309,116.297808,638,0.0138,0,5.999999999999929E-5,1,1,true
2008-04-28 11:39:58,40.056473,116.297706,639,0.01393,0,1.299999999999999E-4,1,0,true
2008-04-28 11:39:59,40.056634,116.297607,640,0.01357,0,-3.599999999999992E-4,-1,1,true
2008-04-28 11:40:00,40.05679,116.297507,641,0.01352,0,-4.99999999999997E-5,-1,0,true
2008-04-28 11:40:01,40.056944,116.297413,642,0.01292,0,-6.000000000000016E-4,-1,0,true
2008-04-28 11:40:02,40.057098,116.297322,643,0.01265,0,-2.699999999999994E-4,-1,0,true
2008-04-28 11:40:03,40.057255,116.297233,644,0.01256,0,-8.99999999999998E-5,-1,0,true
2008-04-28 11:40:04,40.05741,116.297144,645,0.0125,0,-5.999999999999929E-5,-1,0,true
2008-04-28 11:40:05,40.057563,116.297056,646,0.01235,0,-1.5000000000000083E-4,-1,0,true
2008-04-28 11:40:06,40.05772,116.296971,647,0.01221,0,-1.399999999999995E-4,-1,0,true
2008-04-28 11:40:07,40.057875,116.296888,648,0.01198,0,-2.3000000000000104E-4,-1,0,true
2008-04-28 11:40:08,40.058035,116.296804,649,0.01222,0,2.4000000000000063E-4,1,1,true
2008-04-28 11:40:09,40.0582,116.296716,650,0.01272,0,5.000000000000004E-4,1,0,true
2008-04-28 11:40:10,40.058361,116.29663,651,0.01242,0,-2.999999999999999E-4,-1,1,true
2008-04-28 11:40:11,40.058524,116.296545,652,0.0124,0,-2.000000000000092E-5,-1,0,true
2008-04-28 11:40:12,40.058685,116.296457,653,0.0126,0,2.0000000000000052E-4,1,1,false
2008-04-28 11:40:13,40.05884,116.29637,654,0.01232,0,-2.8000000000000073E-4,-1,1,false
2008-04-28 11:40:14,40.058993,116.296279,655,0.01262,0,2.999999999999999E-4,1,1,true
2008-04-28 11:40:15,40.059144,116.296187,656,0.01265,0,3.0000000000000512E-5,1,0,true
2008-04-28 11:40:16,40.059296,116.296096,657,0.01259,0,-5.999999999999929E-5,-1,1,false
2008-04-28 11:40:17,40.059458,116.296006,658,0.0128,0,2.1000000000000012E-4,1,1,false
2008-04-28 11:40:18,40.059611,116.295919,659,0.01226,0,-5.400000000000005E-4,-1,1,true
2008-04-28 11:40:19,40.059762,116.295833,660,0.01212,0,-1.399999999999995E-4,-1,0,true
2008-04-28 11:40:20,40.059909,116.295753,661,0.01147,0,-6.500000000000013E-4,-1,0,true
2008-04-28 11:40:21,40.060057,116.295675,662,0.01133,0,-1.399999999999995E-4,-1,0,true
2008-04-28 11:40:22,40.060214,116.29559,663,0.01221,0,8.800000000000006E-4,1,1,true
2008-04-28 11:40:23,40.060369,116.295504,664,0.01224,0,2.9999999999998778E-5,1,0,true
2008-04-28 11:40:24,40.060519,116.295419,665,0.012,0,-2.399999999999989E-4,-1,1,false
2008-04-28 11:40:25,40.060676,116.295321,666,0.01336,0,0.00136,1,1,false
2008-04-28 11:40:26,40.060825,116.295229,667,0.01259,0,-7.699999999999999E-4,-1,1,false
2008-04-28 11:40:27,40.060967,116.295121,668,0.0139,0,0.0013099999999999987,1,1,true
2008-04-28 11:40:28,40.061105,116.295009,669,0.01419,0,2.900000000000003E-4,1,0,true
2008-04-28 11:40:29,40.061239,116.294891,670,0.01469,0,5.000000000000004E-4,1,0,true
2008-04-28 11:40:30,40.061379,116.294766,671,0.01552,0,8.300000000000009E-4,1,0,true
2008-04-28 11:40:31,40.061515,116.294641,672,0.01543,0,-9.000000000000154E-5,-1,1,false
2008-04-28 11:40:32,40.061647,116.29451,673,0.01595,0,5.199999999999996E-4,1,1,false
2008-04-28 11:40:33,40.061779,116.29438,674,0.01585,0,-9.99999999999994E-5,-1,1,true
2008-04-28 11:40:34,40.061912,116.294256,675,0.01527,0,-5.799999999999989E-4,-1,0,true
2008-04-28 11:40:35,40.062041,116.294134,676,0.01498,0,-2.900000000000003E-4,-1,0,true
2008-04-28 11:40:36,40.062164,116.294013,677,0.01476,0,-2.199999999999997E-4,-1,0,true
2008-04-28 11:40:37,40.062283,116.293894,678,0.01447,0,-2.900000000000003E-4,-1,0,true
2008-04-28 11:40:38,40.062401,116.29378,679,0.01395,0,-5.199999999999996E-4,-1,0,true
2008-04-28 11:40:39,40.062518,116.293669,680,0.01362,0,-3.3000000000000043E-4,-1,0,true
2008-04-28 11:40:40,40.062634,116.293561,681,0.0133,0,-3.2000000000000084E-4,-1,0,true
2008-04-28 11:40:41,40.062749,116.293456,682,0.01298,0,-3.199999999999991E-4,-1,0,true
2008-04-28 11:40:42,40.062861,116.293354,683,0.01261,0,-3.7000000000000054E-4,-1,0,true
2008-04-28 11:40:43,40.062973,116.293253,684,0.01251,0,-9.99999999999994E-5,-1,0,true
2008-04-28 11:40:44,40.063083,116.293154,685,0.01227,0,-2.4000000000000063E-4,-1,0,true
2008-04-28 11:40:45,40.063187,116.293056,686,0.01204,0,-2.299999999999993E-4,-1,0,true
2008-04-28 11:40:46,40.063289,116.292959,687,0.0119,0,-1.399999999999995E-4,-1,0,true
2008-04-28 11:40:47,40.06339,116.292864,688,0.01168,0,-2.2000000000000144E-4,-1,0,true
2008-04-28 11:40:48,40.063494,116.292768,689,0.01184,0,1.6000000000000042E-4,1,1,true
2008-04-28 11:40:49,40.063597,116.292671,690,0.01192,0,8.000000000000021E-5,1,0,true
2008-04-28 11:41:59,40.070333,116.303491,691,0.01783042857142857,0,8.4434693877551E-5,1,0,true
2008-04-28 11:42:00,40.0704,116.303783,692,0.03264,0,0.014809571428571432,1,0,true
2008-04-28 11:42:01,40.070301,116.303943,693,0.01845,0,-0.014190000000000001,-1,1,false
2008-04-28 11:42:02,40.070202,116.304122,694,0.02049,0,0.00204,1,1,true
2008-04-28 11:42:03,40.070132,116.304339,695,0.02438,0,0.0038899999999999976,1,0,true
2008-04-28 11:42:04,40.070052,116.304539,696,0.02259,0,-0.00179,-1,1,true
2008-04-28 11:42:05,40.069971,116.30472,697,0.02052,0,-0.002069999999999999,-1,0,true
2008-04-28 11:42:06,40.069889,116.3049,698,0.02042,0,-9.99999999999994E-5,-1,0,true
2008-04-28 11:42:07,40.069805,116.305076,699,0.02,0,-4.2000000000000023E-4,-1,0,true
2008-04-28 11:42:08,40.069742,116.305266,700,0.02136,0,0.00136,1,1,false
2008-04-28 11:42:09,40.06968,116.305453,701,0.02102,0,-3.4E-4,-1,1,true
2008-04-28 11:42:10,40.06963,116.305639,702,0.02083,0,-1.899999999999992E-4,-1,0,true
2008-04-28 11:42:11,40.069584,116.305825,703,0.02081,0,-2.0000000000002655E-5,-1,0,true
2008-04-28 11:42:12,40.069567,116.306019,704,0.02159,0,7.800000000000029E-4,1,1,true
2008-04-28 11:42:13,40.069549,116.306217,705,0.02204,0,4.49999999999999E-4,1,0,true
2008-04-28 11:42:14,40.069537,116.306421,706,0.02269,0,6.499999999999978E-4,1,0,true
2008-04-28 11:42:15,40.069525,116.306627,707,0.02292,0,2.3000000000000104E-4,1,0,true
2008-04-28 11:42:16,40.069519,116.306839,708,0.02358,0,6.600000000000009E-4,1,0,true
2008-04-28 11:42:17,40.069516,116.307049,709,0.02335,0,-2.3000000000000104E-4,-1,1,true
2008-04-28 11:42:18,40.069514,116.307252,710,0.02257,0,-7.799999999999994E-4,-1,0,true
2008-04-28 11:42:19,40.069515,116.307452,711,0.02224,0,-3.3000000000000043E-4,-1,0,true
2008-04-28 11:42:20,40.069519,116.307652,712,0.02224,0,0.0,-1,0,true
2008-04-28 11:42:21,40.069526,116.307847,713,0.02169,0,-5.499999999999984E-4,-1,0,true
2008-04-28 11:42:22,40.069539,116.308044,714,0.02192,0,2.2999999999999757E-4,1,1,false
2008-04-28 11:42:23,40.069553,116.30824,715,0.02181,0,-1.0999999999999899E-4,-1,1,true
2008-04-28 11:42:24,40.069564,116.308436,716,0.0218,0,-9.999999999999593E-6,-1,0,true
2008-04-28 11:42:25,40.069577,116.30863,717,0.02158,0,-2.2000000000000144E-4,-1,0,true
2008-04-28 11:42:26,40.069589,116.308824,718,0.02158,0,0.0,-1,0,true
2008-04-28 11:42:27,40.069594,116.30902,719,0.0218,0,2.2000000000000144E-4,1,1,true
2008-04-28 11:42:28,40.069604,116.309218,720,0.02202,0,2.2000000000000144E-4,1,0,true
2008-04-28 11:42:29,40.069611,116.309414,721,0.0218,0,-2.2000000000000144E-4,-1,1,true
2008-04-28 11:42:30,40.069617,116.309608,722,0.02158,0,-2.2000000000000144E-4,-1,0,true
2008-04-28 11:42:31,40.069618,116.309805,723,0.02191,0,3.3000000000000043E-4,1,1,false
2008-04-28 11:42:32,40.069617,116.310002,724,0.02191,0,0.0,-1,1,true
2008-04-28 11:42:33,40.069624,116.310191,725,0.02102,0,-8.899999999999984E-4,-1,0,true
2008-04-28 11:42:34,40.069631,116.310378,726,0.0208,0,-2.2000000000000144E-4,-1,0,true
2008-04-28 11:42:35,40.069635,116.310564,727,0.02068,0,-1.1999999999999858E-4,-1,0,true
2008-04-28 11:42:36,40.069645,116.310743,728,0.01991,0,-7.699999999999999E-4,-1,0,true
2008-04-28 11:42:37,40.069629,116.310936,729,0.02148,0,0.0015699999999999985,1,1,false
2008-04-28 11:42:38,40.06962,116.31112,730,0.02047,0,-0.0010100000000000005,-1,1,true
2008-04-28 11:42:39,40.069622,116.311281,731,0.0179,0,-0.0025699999999999994,-1,0,true
2008-04-28 11:42:40,40.069626,116.311439,732,0.01757,0,-3.3000000000000043E-4,-1,0,true
2008-04-28 11:42:41,40.069624,116.311593,733,0.01713,0,-4.399999999999994E-4,-1,0,true
2008-04-28 11:42:42,40.069618,116.311745,734,0.01691,0,-2.1999999999999797E-4,-1,0,true
2008-04-28 11:42:43,40.069623,116.311887,735,0.01579,0,-0.001120000000000003,-1,0,true
2008-04-28 11:42:44,40.069622,116.31202,736,0.01479,0,-9.999999999999992E-4,-1,0,true
2008-04-28 11:42:45,40.069616,116.312144,737,0.01379,0,-9.999999999999992E-4,-1,0,true
2008-04-28 11:42:46,40.069613,116.312267,738,0.01368,0,-1.1000000000000072E-4,-1,0,true
2008-04-28 11:42:48,40.069621,116.312519,739,0.014015,0,1.6750000000000011E-4,1,1,false
2008-04-28 11:42:50,40.069625,116.312739,740,0.012235,0,-8.900000000000002E-4,-1,1,true
2008-04-28 11:42:52,40.069617,116.312925,741,0.010345,0,-9.449999999999997E-4,-1,0,true
2008-04-28 11:42:54,40.06962,116.313086,742,0.00895,0,-6.975000000000002E-4,-1,0,true
2008-04-28 11:42:56,40.069628,116.313196,743,0.00612,0,-0.001415,-1,0,true
2008-04-28 11:42:58,40.069644,116.313281,744,0.00474,0,-6.899999999999996E-4,-1,0,true
2008-04-28 11:43:00,40.06963,116.313373,745,0.005125,0,1.9249999999999996E-4,1,1,false
2008-04-28 11:43:02,40.069611,116.313437,746,0.00359,0,-7.675000000000002E-4,-1,1,true
2008-04-28 11:43:04,40.069586,116.313451,747,9.95E-4,0,-0.0012975,-1,0,true
2008-04-28 11:43:06,40.069558,116.313487,748,0.002115,0,5.600000000000001E-4,1,1,false
2008-04-28 11:43:08,40.069543,116.313504,749,0.001015,1,-5.5E-4,-1,1,true
2008-04-28 11:43:10,40.069543,116.313508,750,2.2E-4,1,-3.975E-4,-1,0,true
2008-04-28 11:43:12,40.069545,116.313513,751,2.8E-4,1,2.9999999999999984E-5,1,1,true
2008-04-28 11:43:14,40.069542,116.313519,752,3.4E-4,1,3.0000000000000024E-5,1,0,true
2008-04-28 11:43:16,40.069537,116.313523,753,2.55E-4,1,-4.25E-5,-1,1,false
2008-04-28 11:43:18,40.069536,116.313537,754,7.8E-4,0,2.625E-4,1,1,true
2008-04-28 11:43:20,40.069536,116.313555,755,0.001,0,1.1000000000000002E-4,1,0,true
2008-04-28 11:43:22,40.069534,116.313567,756,6.7E-4,1,-1.65E-4,-1,1,true
2008-04-28 11:43:24,40.06953,116.313571,757,2.45E-4,1,-2.1250000000000002E-4,-1,0,true
2008-04-28 11:43:26,40.069525,116.313571,758,1.25E-4,1,-5.9999999999999995E-5,-1,0,true
2008-04-28 11:43:28,40.069522,116.313567,759,2.35E-4,1,5.4999999999999995E-5,1,1,true
2008-04-28 11:43:30,40.069531,116.313562,760,3.55E-4,1,6.000000000000001E-5,1,0,true
2008-04-28 11:43:32,40.069541,116.313554,761,5.1E-4,1,7.750000000000001E-5,1,0,true
2008-04-28 11:43:34,40.069546,116.31355,762,2.55E-4,1,-1.275E-4,-1,1,true
2008-04-28 11:43:36,40.06955,116.313548,763,1.5E-4,1,-5.2500000000000016E-5,-1,0,true
2008-04-28 11:43:38,40.069553,116.313545,764,1.8E-4,1,1.5000000000000012E-5,1,1,false
2008-04-28 11:43:40,40.069555,116.313546,765,7.5E-5,1,-5.250000000000001E-5,-1,1,false
2008-04-28 11:43:42,40.069558,116.313547,766,9.5E-5,1,1.0000000000000006E-5,1,1,false
2008-04-28 11:43:44,40.06956,116.313548,767,7.5E-5,1,-1.0000000000000006E-5,-1,1,false
2008-04-28 11:43:46,40.069565,116.313551,768,2.05E-4,1,6.500000000000001E-5,1,1,true
2008-04-28 11:43:48,40.069573,116.313559,769,4.85E-4,0,1.4000000000000001E-4,1,0,true
2008-04-28 11:43:50,40.06958,116.313568,770,5.3E-4,0,2.2499999999999978E-5,1,0,true
2008-04-28 11:43:52,40.069587,116.313578,771,5.8E-4,0,2.500000000000001E-5,1,0,true
2008-04-28 11:43:54,40.069592,116.313588,772,5.7E-4,0,-5.000000000000013E-6,-1,1,true
2008-04-28 11:43:56,40.069595,116.313597,773,5.05E-4,0,-3.249999999999998E-5,-1,0,true
2008-04-28 11:43:58,40.069603,116.313605,774,4.85E-4,0,-9.999999999999999E-6,-1,0,true
2008-04-28 11:44:00,40.069662,116.313488,775,0.006665,0,0.00309,1,1,false
2008-04-28 11:44:02,40.0697,116.313419,776,0.00395,0,-0.0013574999999999998,-1,1,true
2008-04-28 11:44:04,40.069723,116.313397,777,0.00135,0,-0.0013000000000000002,-1,0,true
2008-04-28 11:44:06,40.069818,116.31336,778,0.003115,0,8.825E-4,1,1,false
2008-04-28 11:44:08,40.069888,116.313336,779,0.00218,0,-4.6750000000000003E-4,-1,1,true
2008-04-28 11:44:10,40.069942,116.313328,780,0.001405,0,-3.8750000000000004E-4,-1,0,true
2008-04-28 11:44:12,40.069962,116.313346,781,0.001115,0,-1.4499999999999995E-4,-1,0,true
2008-04-28 11:44:14,40.069958,116.313383,782,0.00206,0,4.7250000000000005E-4,1,1,false
2008-04-28 11:44:16,40.06997,116.313417,783,0.001915,0,-7.250000000000008E-5,-1,1,true
2008-04-28 11:44:18,40.069985,116.31344,784,0.00133,0,-2.925E-4,-1,0,true
2008-04-28 11:44:20,40.069993,116.31348,785,0.002235,0,4.525E-4,1,1,true
2008-04-28 11:44:22,40.069961,116.313521,786,0.00241,0,8.74999999999999E-5,1,0,true
2008-04-28 11:44:24,40.06995,116.313556,787,0.001965,0,-2.2249999999999982E-4,-1,1,false
2008-04-28 11:44:26,40.069939,116.313592,788,0.00202,0,2.7499999999999964E-5,1,1,true
2008-04-28 11:44:28,40.06994,116.313638,789,0.00256,0,2.7000000000000006E-4,1,0,true
2008-04-28 11:44:30,40.069935,116.313671,790,0.00184,0,-3.600000000000001E-4,-1,1,true
2008-04-28 11:44:32,40.069935,116.313704,791,0.001835,0,-2.5000000000000066E-6,-1,0,true
2008-04-28 11:44:34,40.06993,116.313738,792,0.001895,0,2.999999999999997E-5,1,1,false
2008-04-28 11:44:36,40.06992,116.313769,793,0.00174,0,-7.749999999999999E-5,-1,1,true
2008-04-28 11:44:38,40.069917,116.313795,794,0.00145,0,-1.4500000000000006E-4,-1,0,true
2008-04-28 11:44:40,40.069926,116.313836,795,0.00229,0,4.2E-4,1,1,false
2008-04-28 11:44:42,40.069942,116.31387,796,0.00193,0,-1.7999999999999993E-4,-1,1,true
2008-04-28 11:44:44,40.069953,116.313901,797,0.001745,0,-9.250000000000003E-5,-1,0,true
2008-04-28 11:44:46,40.069972,116.313933,798,0.00184,0,4.7500000000000016E-5,1,1,true
2008-04-28 11:44:48,40.06999,116.313967,799,0.00194,0,5.000000000000002E-5,1,0,true
2008-04-28 11:44:50,40.069999,116.314006,800,0.00218,0,1.1999999999999999E-4,1,0,true
2008-04-28 11:44:52,40.070007,116.314043,801,0.002065,0,-5.750000000000004E-5,-1,1,false
2008-04-28 11:44:54,40.070013,116.314084,802,0.002285,0,1.1000000000000007E-4,1,1,false
2008-04-28 11:44:56,40.070011,116.31412,803,0.002,0,-1.4250000000000005E-4,-1,1,true
2008-04-28 11:44:58,40.070008,116.31415,804,0.00167,0,-1.65E-4,-1,0,true
2008-04-28 11:45:00,40.070005,116.314189,805,0.00217,0,2.5E-4,1,1,false
2008-04-28 11:45:02,40.070007,116.314228,806,0.00217,0,0.0,-1,1,true
2008-04-28 11:45:04,40.070007,116.314265,807,0.002055,0,-5.750000000000004E-5,-1,0,true
2008-04-28 11:45:06,40.070003,116.314296,808,0.001725,0,-1.65E-4,-1,0,true
2008-04-28 11:45:08,40.070001,116.314331,809,0.001945,0,1.0999999999999996E-4,1,1,true
2008-04-28 11:45:10,40.069999,116.314369,810,0.002115,0,8.500000000000011E-5,1,0,true
2008-04-28 11:45:12,40.070001,116.3144,811,0.001725,0,-1.9500000000000008E-4,-1,1,false
2008-04-28 11:45:14,40.070004,116.314443,812,0.00239,0,3.325000000000001E-4,1,1,true
2008-04-28 11:45:16,40.070009,116.314487,813,0.00245,0,2.9999999999999862E-5,1,0,true
2008-04-28 11:45:18,40.070022,116.314525,814,0.002135,0,-1.5749999999999987E-4,-1,1,false
2008-04-28 11:45:20,40.070036,116.314563,815,0.00214,0,2.499999999999898E-6,1,1,false
2008-04-28 11:45:22,40.07005,116.314597,816,0.00192,0,-1.0999999999999996E-4,-1,1,true
2008-04-28 11:45:24,40.070075,116.314618,817,0.00132,0,-3.0000000000000003E-4,-1,0,true
2008-04-28 11:45:26,40.070097,116.314635,818,0.00109,0,-1.1499999999999998E-4,-1,0,true
2008-04-28 11:45:28,40.07011,116.314671,819,0.002025,0,4.674999999999999E-4,1,1,true
2008-04-28 11:45:30,40.070118,116.314711,820,0.002235,0,1.0500000000000006E-4,1,0,true
2008-04-28 11:45:32,40.070133,116.314736,821,0.00144,0,-3.9749999999999996E-4,-1,1,true
2008-04-28 11:45:34,40.070158,116.314759,822,0.00142,0,-1.0000000000000026E-5,-1,0,true
2008-04-28 11:45:36,40.070185,116.31478,823,0.001345,0,-3.749999999999999E-5,-1,0,true
2008-04-28 11:45:38,40.070212,116.314793,824,9.85E-4,0,-1.8000000000000004E-4,-1,0,true
2008-04-28 11:45:40,40.070232,116.314799,825,5.95E-4,0,-1.9499999999999997E-4,-1,0,true
2008-04-28 11:45:42,40.070254,116.3148,826,5.45E-4,0,-2.500000000000001E-5,-1,0,true
2008-04-28 11:45:44,40.07028,116.314795,827,7.0E-4,0,7.749999999999999E-5,1,1,true
2008-04-28 11:45:46,40.07031,116.314785,828,9.25E-4,0,1.1250000000000002E-4,1,0,true
2008-04-28 11:45:48,40.070339,116.314777,829,8.4E-4,0,-4.25E-5,-1,1,false
2008-04-28 11:45:50,40.070375,116.314772,830,9.3E-4,0,4.500000000000001E-5,1,1,false
2008-04-28 11:45:52,40.070401,116.314761,831,8.85E-4,0,-2.2500000000000005E-5,-1,1,true
2008-04-28 11:45:54,40.070432,116.314754,832,8.6E-4,0,-1.2500000000000033E-5,-1,0,true
2008-04-28 11:45:56,40.070461,116.31475,833,7.5E-4,0,-5.499999999999998E-5,-1,0,true
2008-04-28 11:45:58,40.07049,116.314735,834,0.0011,0,1.7500000000000003E-4,1,1,true
2008-04-28 11:46:00,40.070516,116.314713,835,0.00138,0,1.3999999999999993E-4,1,0,true
2008-04-28 11:46:02,40.070542,116.31468,836,0.001945,0,2.825E-4,1,0,true
2008-04-28 11:46:04,40.070568,116.314664,837,0.001095,0,-4.249999999999999E-4,-1,1,false
2008-04-28 11:46:06,40.070586,116.314637,838,0.001565,0,2.3499999999999997E-4,1,1,false
2008-04-28 11:46:08,40.070624,116.314624,839,0.001185,0,-1.8999999999999996E-4,-1,1,true
2008-04-28 11:46:10,40.070657,116.314611,840,0.00109,0,-4.7500000000000016E-5,-1,0,true
2008-04-28 11:46:12,40.070737,116.314624,841,0.0021,0,5.049999999999999E-4,1,1,false
2008-04-28 11:46:14,40.070756,116.314612,842,8.15E-4,0,-6.425E-4,-1,1,true
2008-04-28 11:46:16,40.070771,116.314602,843,6.7E-4,1,-7.249999999999997E-5,-1,0,true
2008-04-28 11:46:18,40.070782,116.314596,844,4.3E-4,1,-1.2000000000000002E-4,-1,0,true
2008-04-28 11:46:20,40.070789,116.314591,845,3.25E-4,1,-5.25E-5,-1,0,true
2008-04-28 11:46:22,40.070802,116.314585,846,4.65E-4,1,7.000000000000002E-5,1,1,false
2008-04-28 11:46:24,40.070815,116.314586,847,3.25E-4,1,-7.000000000000002E-5,-1,1,false
2008-04-28 11:46:26,40.070819,116.314566,848,0.001115,0,3.9500000000000006E-4,1,1,true
2008-04-28 11:46:28,40.070937,116.314512,849,0.00418,0,0.0015324999999999998,1,0,true
2008-04-28 11:46:30,40.070974,116.314509,850,9.25E-4,0,-0.0016274999999999998,-1,1,true
2008-04-28 11:46:32,40.070995,116.314504,851,5.9E-4,0,-1.675E-4,-1,0,true
2008-04-28 11:46:34,40.071002,116.314489,852,8.5E-4,0,1.2999999999999996E-4,1,1,false
2008-04-28 11:46:36,40.071023,116.314479,853,7.6E-4,0,-4.4999999999999955E-5,-1,1,false
2008-04-28 11:46:38,40.071044,116.314464,854,9.8E-4,0,1.0999999999999996E-4,1,1,true
2008-04-28 11:46:40,40.071064,116.314443,855,0.001265,0,1.4250000000000005E-4,1,0,true
2008-04-28 11:46:42,40.071086,116.314425,856,0.00114,0,-6.250000000000006E-5,-1,1,false
2008-04-28 11:46:44,40.071122,116.314407,857,0.00134,0,1.0000000000000005E-4,1,1,false
2008-04-28 11:46:46,40.07115,116.31439,858,0.00117,0,-8.5E-5,-1,1,false
2008-04-28 11:46:48,40.071201,116.314365,859,0.001875,0,3.5249999999999995E-4,1,1,false
2008-04-28 11:46:50,40.071242,116.314349,860,0.001345,0,-2.6499999999999994E-4,-1,1,true
2008-04-28 11:46:52,40.071277,116.31434,861,9.95E-4,0,-1.7500000000000003E-4,-1,0,true
2008-04-28 11:46:54,40.071318,116.314338,862,0.001015,0,1.0000000000000026E-5,1,1,true
2008-04-28 11:46:56,40.071389,116.314365,863,0.002305,0,6.450000000000001E-4,1,0,true
2008-04-28 11:46:58,40.071431,116.314366,864,0.001035,0,-6.350000000000001E-4,-1,1,false
2008-04-28 11:47:00,40.071462,116.314328,865,0.002245,0,6.050000000000001E-4,1,1,false
2008-04-28 11:47:02,40.071492,116.314301,866,0.001675,0,-2.85E-4,-1,1,true
2008-04-28 11:47:04,40.071516,116.314273,867,0.001665,1,-5.000000000000013E-6,-1,0,true
2008-04-28 11:47:06,40.071505,116.314267,868,4.3E-4,1,-6.175E-4,-1,0,true
2008-04-28 11:47:08,40.071501,116.314254,869,7.3E-4,0,1.5E-4,1,1,true
2008-04-28 11:47:10,40.071497,116.314232,870,0.001225,0,2.475E-4,1,0,true
2008-04-28 11:47:12,40.071487,116.3142,871,0.001795,0,2.85E-4,1,0,true
2008-04-28 11:47:14,40.071475,116.31417,872,0.001695,1,-5.000000000000002E-5,-1,1,true
2008-04-28 11:47:16,40.071472,116.314162,873,4.5E-4,1,-6.225E-4,-1,0,true
2008-04-28 11:47:18,40.07147,116.314133,874,0.001615,0,5.824999999999999E-4,1,1,true
2008-04-28 11:47:20,40.071466,116.314102,875,0.001725,0,5.5000000000000036E-5,1,0,true
2008-04-28 11:47:22,40.071473,116.31407,876,0.00179,0,3.249999999999998E-5,1,0,true
2008-04-28 11:47:24,40.07149,116.314045,877,0.00145,0,-1.7E-4,-1,1,false
2008-04-28 11:47:26,40.071511,116.314015,878,0.001745,0,1.4750000000000006E-4,1,1,true
2008-04-28 11:47:28,40.071526,116.313965,879,0.002805,0,5.300000000000001E-4,1,0,true
2008-04-28 11:47:30,40.071545,116.313901,880,0.00359,0,3.9249999999999984E-4,1,0,true
2008-04-28 11:47:32,40.071559,116.313852,881,0.002745,0,-4.224999999999999E-4,-1,1,true
2008-04-28 11:47:34,40.071568,116.313816,882,0.002015,0,-3.650000000000001E-4,-1,0,true
2008-04-28 11:47:36,40.071562,116.313796,883,0.00112,0,-4.475E-4,-1,0,true
2008-04-28 11:47:38,40.071572,116.313772,884,0.001355,0,1.1750000000000009E-4,1,1,true
2008-04-28 11:47:40,40.071571,116.313744,885,0.001555,0,9.999999999999994E-5,1,0,true
2008-04-28 11:47:42,40.07157,116.313711,886,0.001835,0,1.4000000000000004E-4,1,0,true
2008-04-28 11:47:44,40.071583,116.313676,887,0.00197,0,6.749999999999996E-5,1,0,true
2008-04-28 11:47:46,40.071602,116.313644,888,0.00184,0,-6.499999999999995E-5,-1,1,true
2008-04-28 11:47:48,40.071611,116.313615,889,0.00163,0,-1.0500000000000006E-4,-1,0,true
2008-04-28 11:47:50,40.071612,116.313582,890,0.001835,0,1.0250000000000005E-4,1,1,true
2008-04-28 11:47:52,40.071607,116.313549,891,0.00184,0,2.5000000000000066E-6,1,0,true
2008-04-28 11:47:54,40.071607,116.31353,892,0.001055,0,-3.9250000000000005E-4,-1,1,false
2008-04-28 11:47:56,40.071616,116.313471,893,0.00329,0,0.0011175,1,1,false
2008-04-28 11:47:58,40.071613,116.31344,894,0.001725,0,-7.825E-4,-1,1,true
2008-04-28 11:48:00,40.071607,116.313412,895,0.001565,0,-7.999999999999999E-5,-1,0,true
2008-04-28 11:48:02,40.071585,116.313347,896,0.003655,0,0.001045,1,1,false
2008-04-28 11:48:04,40.071596,116.313326,897,0.0012,0,-0.0012274999999999999,-1,1,false
2008-04-28 11:48:06,40.071632,116.313282,898,0.0026,0,7.0E-4,1,1,false
2008-04-28 11:48:08,40.07165,116.313264,899,0.001095,0,-7.524999999999999E-4,-1,1,false
2008-04-28 11:48:10,40.071689,116.313241,900,0.0016,0,2.525E-4,1,1,false
2008-04-28 11:48:12,40.07173,116.313227,901,0.001275,0,-1.625E-4,-1,1,true
2008-04-28 11:48:14,40.071758,116.313218,902,8.5E-4,0,-2.1250000000000007E-4,-1,0,true
2008-04-28 11:48:16,40.071822,116.313235,903,0.00184,0,4.95E-4,1,1,true
2008-04-28 11:48:18,40.071824,116.313145,904,0.005005,0,0.0015825,1,0,true
2008-04-28 11:48:20,40.071871,116.313172,905,0.001895,0,-0.001555,-1,1,true
2008-04-28 11:48:22,40.071911,116.31316,906,0.00119,0,-3.5249999999999995E-4,-1,0,true
2008-04-28 11:48:24,40.07192,116.313138,907,0.001245,0,2.7499999999999964E-5,1,1,false
2008-04-28 11:48:26,40.071917,116.313117,908,0.00117,0,-3.749999999999999E-5,-1,1,false
2008-04-28 11:48:28,40.07192,116.31309,909,0.001505,0,1.675E-4,1,1,false
2008-04-28 11:48:30,40.071934,116.313075,910,9.05E-4,0,-3.0000000000000003E-4,-1,1,false
2008-04-28 11:48:32,40.071947,116.313058,911,0.001,0,4.7500000000000016E-5,1,1,true
2008-04-28 11:48:34,40.07197,116.313041,912,0.0011,0,5.000000000000002E-5,1,0,true
2008-04-28 11:48:36,40.071975,116.313023,913,0.00101,0,-4.500000000000001E-5,-1,1,false
2008-04-28 11:48:38,40.071981,116.313004,914,0.001065,0,2.7499999999999964E-5,1,1,true
2008-04-28 11:48:40,40.071973,116.312975,915,0.001625,0,2.8E-4,1,0,true
2008-04-28 11:48:42,40.071975,116.312946,916,0.001615,0,-5.000000000000013E-6,-1,1,false
2008-04-28 11:48:44,40.071965,116.312915,917,0.00174,0,6.250000000000006E-5,1,1,true
2008-04-28 11:48:46,40.071946,116.312863,918,0.00293,0,5.949999999999999E-4,1,0,true
2008-04-28 11:48:48,40.071929,116.312827,919,0.002045,0,-4.4249999999999997E-4,-1,1,true
2008-04-28 11:48:50,40.071943,116.312819,920,5.65E-4,1,-7.4E-4,-1,0,true
2008-04-28 11:48:52,40.071946,116.312816,921,1.8E-4,1,-1.9249999999999996E-4,-1,0,true
2008-04-28 11:48:54,40.071948,116.312816,922,5.0E-5,1,-6.500000000000001E-5,-1,0,true
2008-04-28 11:48:56,40.071949,116.312815,923,6.0E-5,1,4.9999999999999996E-6,1,1,true
2008-04-28 11:48:58,40.071952,116.312814,924,9.5E-5,1,1.7500000000000002E-5,1,0,true
2008-04-28 11:49:00,40.071954,116.312814,925,5.0E-5,1,-2.25E-5,-1,1,false
2008-04-28 11:49:04,40.071948,116.312814,926,7.5E-5,1,6.249999999999998E-6,1,1,true
2008-04-28 11:49:06,40.071941,116.312811,927,2.4E-4,1,8.25E-5,1,0,true
2008-04-28 11:49:08,40.071936,116.312809,928,1.65E-4,1,-3.7500000000000003E-5,-1,1,true
2008-04-28 11:49:10,40.071931,116.312809,929,1.25E-4,1,-1.9999999999999998E-5,-1,0,true
2008-04-28 11:49:12,40.071926,116.312804,930,3.05E-4,1,8.999999999999999E-5,1,1,true
2008-04-28 11:49:16,40.071914,116.31278,931,6.825E-4,0,9.437499999999999E-5,1,0,true
2008-04-28 11:49:18,40.071899,116.312775,932,4.65E-4,0,-1.0874999999999996E-4,-1,1,false
2008-04-28 11:49:20,40.071888,116.312764,933,6.7E-4,0,1.025E-4,1,1,true
2008-04-28 11:49:22,40.071877,116.312746,934,0.001035,1,1.8249999999999994E-4,1,0,true
2008-04-28 11:49:24,40.071877,116.312743,935,1.65E-4,1,-4.3499999999999995E-4,-1,1,false
2008-04-28 11:49:26,40.071937,116.312767,936,0.00199,0,9.125E-4,1,1,false
2008-04-28 11:49:28,40.07195,116.312773,937,4.65E-4,1,-7.624999999999999E-4,-1,1,true
2008-04-28 11:49:30,40.071962,116.312779,938,4.45E-4,1,-1.0000000000000026E-5,-1,0,true
2008-04-28 11:49:32,40.071974,116.312786,939,4.9E-4,1,2.2500000000000005E-5,1,1,false
2008-04-28 11:49:34,40.071977,116.312783,940,1.8E-4,1,-1.5499999999999997E-4,-1,1,true
2008-04-28 11:49:36,40.071977,116.312782,941,5.5E-5,1,-6.25E-5,-1,0,true
2008-04-28 11:49:50,40.071802,116.312531,942,0.0020864285714285715,0,1.4510204081632654E-4,1,1,false
2008-04-28 11:49:52,40.071791,116.312516,943,8.75E-4,0,-6.057142857142858E-4,-1,1,true
2008-04-28 11:49:54,40.071786,116.312508,944,4.6E-4,1,-2.075E-4,-1,0,true
2008-04-28 11:49:56,40.071781,116.312505,945,2.05E-4,1,-1.275E-4,-1,0,true
2008-04-28 11:49:58,40.071778,116.312502,946,1.8E-4,1,-1.2499999999999992E-5,-1,0,true
2008-04-28 11:50:00,40.071783,116.312496,947,3.55E-4,1,8.75E-5,1,1,true
2008-04-28 11:50:01,40.071834,116.312432,948,0.00755,0,0.007195,1,0,true
2008-04-28 11:50:02,40.071862,116.312403,949,0.00351,1,-0.00404,-1,1,true
2008-04-28 11:50:04,40.071861,116.312409,950,3.35E-4,1,-0.0015875,-1,0,true
2008-04-28 11:50:06,40.071859,116.31241,951,7.5E-5,1,-1.3000000000000002E-4,-1,0,true
2008-04-28 11:50:08,40.071856,116.31241,952,7.5E-5,1,0.0,-1,0,true
2008-04-28 11:50:10,40.071854,116.31241,953,0.0,1,-3.75E-5,-1,0,false
